level,level_numeric,sample,drug,drug_class,orig_score,orig_level,sub_score,sub_level,direction
0.5,0.5,barcode07,ATV/r,PI,0,1,NA,NA,no_call
0.5,0.5,barcode29,ATV/r,PI,0,1,NA,NA,no_call
0.5,0.5,barcode53,ATV/r,PI,0,1,NA,NA,no_call
0.5,0.5,barcode73,ATV/r,PI,0,1,NA,NA,no_call
0.5,0.5,barcode78,ATV/r,PI,130,5,NA,NA,no_call
0.5,0.5,barcode83,ATV/r,PI,0,1,NA,NA,no_call
0.5,0.5,barcode89,ATV/r,PI,0,1,NA,NA,no_call
0.5,0.5,barcode90,ATV/r,PI,0,1,NA,NA,no_call
0.5,0.5,barcode91,ATV/r,PI,15,3,NA,NA,no_call
0.5,0.5,barcode07,DRV/r,PI,0,1,NA,NA,no_call
0.5,0.5,barcode29,DRV/r,PI,0,1,NA,NA,no_call
0.5,0.5,barcode53,DRV/r,PI,0,1,NA,NA,no_call
0.5,0.5,barcode73,DRV/r,PI,0,1,NA,NA,no_call
0.5,0.5,barcode78,DRV/r,PI,-10,1,NA,NA,no_call
0.5,0.5,barcode83,DRV/r,PI,0,1,NA,NA,no_call
0.5,0.5,barcode89,DRV/r,PI,0,1,NA,NA,no_call
0.5,0.5,barcode90,DRV/r,PI,0,1,NA,NA,no_call
0.5,0.5,barcode91,DRV/r,PI,0,1,NA,NA,no_call
0.5,0.5,barcode07,FPV/r,PI,0,1,NA,NA,no_call
0.5,0.5,barcode29,FPV/r,PI,0,1,NA,NA,no_call
0.5,0.5,barcode53,FPV/r,PI,0,1,NA,NA,no_call
0.5,0.5,barcode73,FPV/r,PI,0,1,NA,NA,no_call
0.5,0.5,barcode78,FPV/r,PI,60,5,NA,NA,no_call
0.5,0.5,barcode83,FPV/r,PI,0,1,NA,NA,no_call
0.5,0.5,barcode89,FPV/r,PI,0,1,NA,NA,no_call
0.5,0.5,barcode90,FPV/r,PI,0,1,NA,NA,no_call
0.5,0.5,barcode91,FPV/r,PI,10,2,NA,NA,no_call
0.5,0.5,barcode07,IDV/r,PI,0,1,NA,NA,no_call
0.5,0.5,barcode29,IDV/r,PI,0,1,NA,NA,no_call
0.5,0.5,barcode53,IDV/r,PI,0,1,NA,NA,no_call
0.5,0.5,barcode73,IDV/r,PI,0,1,NA,NA,no_call
0.5,0.5,barcode78,IDV/r,PI,85,5,NA,NA,no_call
0.5,0.5,barcode83,IDV/r,PI,0,1,NA,NA,no_call
0.5,0.5,barcode89,IDV/r,PI,0,1,NA,NA,no_call
0.5,0.5,barcode90,IDV/r,PI,0,1,NA,NA,no_call
0.5,0.5,barcode91,IDV/r,PI,15,3,NA,NA,no_call
0.5,0.5,barcode07,LPV/r,PI,0,1,NA,NA,no_call
0.5,0.5,barcode29,LPV/r,PI,0,1,NA,NA,no_call
0.5,0.5,barcode53,LPV/r,PI,0,1,NA,NA,no_call
0.5,0.5,barcode73,LPV/r,PI,0,1,NA,NA,no_call
0.5,0.5,barcode78,LPV/r,PI,75,5,NA,NA,no_call
0.5,0.5,barcode83,LPV/r,PI,0,1,NA,NA,no_call
0.5,0.5,barcode89,LPV/r,PI,0,1,NA,NA,no_call
0.5,0.5,barcode90,LPV/r,PI,0,1,NA,NA,no_call
0.5,0.5,barcode91,LPV/r,PI,15,3,NA,NA,no_call
0.5,0.5,barcode07,NFV,PI,0,1,NA,NA,no_call
0.5,0.5,barcode29,NFV,PI,0,1,NA,NA,no_call
0.5,0.5,barcode53,NFV,PI,0,1,NA,NA,no_call
0.5,0.5,barcode73,NFV,PI,0,1,NA,NA,no_call
0.5,0.5,barcode78,NFV,PI,110,5,NA,NA,no_call
0.5,0.5,barcode83,NFV,PI,0,1,NA,NA,no_call
0.5,0.5,barcode89,NFV,PI,0,1,NA,NA,no_call
0.5,0.5,barcode90,NFV,PI,0,1,NA,NA,no_call
0.5,0.5,barcode91,NFV,PI,20,3,NA,NA,no_call
0.5,0.5,barcode07,SQV/r,PI,0,1,NA,NA,no_call
0.5,0.5,barcode29,SQV/r,PI,0,1,NA,NA,no_call
0.5,0.5,barcode53,SQV/r,PI,0,1,NA,NA,no_call
0.5,0.5,barcode73,SQV/r,PI,0,1,NA,NA,no_call
0.5,0.5,barcode78,SQV/r,PI,65,5,NA,NA,no_call
0.5,0.5,barcode83,SQV/r,PI,0,1,NA,NA,no_call
0.5,0.5,barcode89,SQV/r,PI,0,1,NA,NA,no_call
0.5,0.5,barcode90,SQV/r,PI,0,1,NA,NA,no_call
0.5,0.5,barcode91,SQV/r,PI,15,3,NA,NA,no_call
0.5,0.5,barcode07,TPV/r,PI,0,1,NA,NA,no_call
0.5,0.5,barcode29,TPV/r,PI,0,1,NA,NA,no_call
0.5,0.5,barcode53,TPV/r,PI,0,1,NA,NA,no_call
0.5,0.5,barcode73,TPV/r,PI,0,1,NA,NA,no_call
0.5,0.5,barcode78,TPV/r,PI,35,4,NA,NA,no_call
0.5,0.5,barcode83,TPV/r,PI,0,1,NA,NA,no_call
0.5,0.5,barcode89,TPV/r,PI,0,1,NA,NA,no_call
0.5,0.5,barcode90,TPV/r,PI,0,1,NA,NA,no_call
0.5,0.5,barcode91,TPV/r,PI,20,3,NA,NA,no_call
0.5,0.5,barcode78,ABC,NRTI,90,5,0,1,sub_lost_resistance
0.5,0.5,barcode29,ABC,NRTI,0,1,NA,NA,no_call
0.5,0.5,barcode73,ABC,NRTI,15,3,NA,NA,no_call
0.5,0.5,barcode90,ABC,NRTI,15,3,NA,NA,no_call
0.5,0.5,barcode91,ABC,NRTI,20,3,NA,NA,no_call
0.5,0.5,barcode78,AZT,NRTI,115,5,0,1,sub_lost_resistance
0.5,0.5,barcode29,AZT,NRTI,0,1,NA,NA,no_call
0.5,0.5,barcode73,AZT,NRTI,-10,1,NA,NA,no_call
0.5,0.5,barcode90,AZT,NRTI,-10,1,NA,NA,no_call
0.5,0.5,barcode91,AZT,NRTI,20,3,NA,NA,no_call
0.5,0.5,barcode78,D4T,NRTI,95,5,0,1,sub_lost_resistance
0.5,0.5,barcode29,D4T,NRTI,0,1,NA,NA,no_call
0.5,0.5,barcode73,D4T,NRTI,-10,1,NA,NA,no_call
0.5,0.5,barcode90,D4T,NRTI,-10,1,NA,NA,no_call
0.5,0.5,barcode91,D4T,NRTI,5,1,NA,NA,no_call
0.5,0.5,barcode78,DDI,NRTI,80,5,0,1,sub_lost_resistance
0.5,0.5,barcode29,DDI,NRTI,0,1,NA,NA,no_call
0.5,0.5,barcode73,DDI,NRTI,10,2,NA,NA,no_call
0.5,0.5,barcode90,DDI,NRTI,10,2,NA,NA,no_call
0.5,0.5,barcode91,DDI,NRTI,20,3,NA,NA,no_call
0.5,0.5,barcode78,FTC,NRTI,75,5,0,1,sub_lost_resistance
0.5,0.5,barcode29,FTC,NRTI,0,1,NA,NA,no_call
0.5,0.5,barcode73,FTC,NRTI,60,5,NA,NA,no_call
0.5,0.5,barcode90,FTC,NRTI,60,5,NA,NA,no_call
0.5,0.5,barcode91,FTC,NRTI,60,5,NA,NA,no_call
0.5,0.5,barcode78,ISL,NRTI,80,5,0,1,sub_lost_resistance
0.5,0.5,barcode29,ISL,NRTI,0,1,NA,NA,no_call
0.5,0.5,barcode73,ISL,NRTI,30,4,NA,NA,no_call
0.5,0.5,barcode90,ISL,NRTI,30,4,NA,NA,no_call
0.5,0.5,barcode91,ISL,NRTI,35,4,NA,NA,no_call
0.5,0.5,barcode78,3TC,NRTI,75,5,0,1,sub_lost_resistance
0.5,0.5,barcode29,3TC,NRTI,0,1,NA,NA,no_call
0.5,0.5,barcode73,3TC,NRTI,60,5,NA,NA,no_call
0.5,0.5,barcode90,3TC,NRTI,60,5,NA,NA,no_call
0.5,0.5,barcode91,3TC,NRTI,60,5,NA,NA,no_call
0.5,0.5,barcode78,TDF,NRTI,55,4,0,1,sub_lost_resistance
0.5,0.5,barcode29,TDF,NRTI,0,1,NA,NA,no_call
0.5,0.5,barcode73,TDF,NRTI,-10,1,NA,NA,no_call
0.5,0.5,barcode90,TDF,NRTI,-10,1,NA,NA,no_call
0.5,0.5,barcode91,TDF,NRTI,-5,1,NA,NA,no_call
0.5,0.5,barcode29,DOR,NNRTI,0,1,NA,NA,no_call
0.5,0.5,barcode73,DOR,NNRTI,30,4,NA,NA,no_call
0.5,0.5,barcode90,DOR,NNRTI,0,1,NA,NA,no_call
0.5,0.5,barcode91,DOR,NNRTI,0,1,NA,NA,no_call
0.5,0.5,barcode46,DPV,NNRTI,10,2,0,1,sub_lost_resistance
0.5,0.5,barcode29,DPV,NNRTI,0,1,NA,NA,no_call
0.5,0.5,barcode73,DPV,NNRTI,25,3,NA,NA,no_call
0.5,0.5,barcode90,DPV,NNRTI,0,1,NA,NA,no_call
0.5,0.5,barcode91,DPV,NNRTI,15,3,NA,NA,no_call
0.5,0.5,barcode46,EFV,NNRTI,10,2,0,1,sub_lost_resistance
0.5,0.5,barcode29,EFV,NNRTI,0,1,NA,NA,no_call
0.5,0.5,barcode73,EFV,NNRTI,105,5,NA,NA,no_call
0.5,0.5,barcode90,EFV,NNRTI,60,5,NA,NA,no_call
0.5,0.5,barcode91,EFV,NNRTI,0,1,NA,NA,no_call
0.5,0.5,barcode46,ETR,NNRTI,10,2,0,1,sub_lost_resistance
0.5,0.5,barcode29,ETR,NNRTI,0,1,NA,NA,no_call
0.5,0.5,barcode73,ETR,NNRTI,10,2,NA,NA,no_call
0.5,0.5,barcode90,ETR,NNRTI,0,1,NA,NA,no_call
0.5,0.5,barcode91,ETR,NNRTI,10,2,NA,NA,no_call
0.5,0.5,barcode46,NVP,NNRTI,10,2,0,1,sub_lost_resistance
0.5,0.5,barcode29,NVP,NNRTI,0,1,NA,NA,no_call
0.5,0.5,barcode73,NVP,NNRTI,105,5,NA,NA,no_call
0.5,0.5,barcode90,NVP,NNRTI,60,5,NA,NA,no_call
0.5,0.5,barcode91,NVP,NNRTI,0,1,NA,NA,no_call
0.5,0.5,barcode46,RPV,NNRTI,10,2,0,1,sub_lost_resistance
0.5,0.5,barcode29,RPV,NNRTI,0,1,NA,NA,no_call
0.5,0.5,barcode73,RPV,NNRTI,10,2,NA,NA,no_call
0.5,0.5,barcode90,RPV,NNRTI,0,1,NA,NA,no_call
0.5,0.5,barcode91,RPV,NNRTI,10,2,NA,NA,no_call
1,1.0,barcode91,ATV/r,PI,15,3,0,1,sub_lost_resistance
1,1.0,barcode73,ATV/r,PI,0,1,NA,NA,no_call
1,1.0,barcode73,DRV/r,PI,0,1,NA,NA,no_call
1,1.0,barcode91,FPV/r,PI,10,2,0,1,sub_lost_resistance
1,1.0,barcode73,FPV/r,PI,0,1,NA,NA,no_call
1,1.0,barcode91,IDV/r,PI,15,3,0,1,sub_lost_resistance
1,1.0,barcode73,IDV/r,PI,0,1,NA,NA,no_call
1,1.0,barcode91,LPV/r,PI,15,3,0,1,sub_lost_resistance
1,1.0,barcode73,LPV/r,PI,0,1,NA,NA,no_call
1,1.0,barcode91,NFV,PI,20,3,0,1,sub_lost_resistance
1,1.0,barcode73,NFV,PI,0,1,NA,NA,no_call
1,1.0,barcode91,SQV/r,PI,15,3,0,1,sub_lost_resistance
1,1.0,barcode73,SQV/r,PI,0,1,NA,NA,no_call
1,1.0,barcode91,TPV/r,PI,20,3,0,1,sub_lost_resistance
1,1.0,barcode73,TPV/r,PI,0,1,NA,NA,no_call
1,1.0,barcode73,ABC,NRTI,15,3,NA,NA,no_call
1,1.0,barcode73,AZT,NRTI,-10,1,NA,NA,no_call
1,1.0,barcode73,D4T,NRTI,-10,1,NA,NA,no_call
1,1.0,barcode73,DDI,NRTI,10,2,NA,NA,no_call
1,1.0,barcode73,FTC,NRTI,60,5,NA,NA,no_call
1,1.0,barcode73,ISL,NRTI,30,4,NA,NA,no_call
1,1.0,barcode73,3TC,NRTI,60,5,NA,NA,no_call
1,1.0,barcode73,TDF,NRTI,-10,1,NA,NA,no_call
1,1.0,barcode73,DOR,NNRTI,30,4,NA,NA,no_call
1,1.0,barcode46,DPV,NNRTI,10,2,0,1,sub_lost_resistance
1,1.0,barcode73,DPV,NNRTI,25,3,NA,NA,no_call
1,1.0,barcode46,EFV,NNRTI,10,2,0,1,sub_lost_resistance
1,1.0,barcode73,EFV,NNRTI,105,5,NA,NA,no_call
1,1.0,barcode46,ETR,NNRTI,10,2,0,1,sub_lost_resistance
1,1.0,barcode73,ETR,NNRTI,10,2,NA,NA,no_call
1,1.0,barcode46,NVP,NNRTI,10,2,0,1,sub_lost_resistance
1,1.0,barcode73,NVP,NNRTI,105,5,NA,NA,no_call
1,1.0,barcode46,RPV,NNRTI,10,2,0,1,sub_lost_resistance
1,1.0,barcode73,RPV,NNRTI,10,2,NA,NA,no_call
2,2.0,barcode46,DPV,NNRTI,10,2,0,1,sub_lost_resistance
2,2.0,barcode46,EFV,NNRTI,10,2,0,1,sub_lost_resistance
2,2.0,barcode46,ETR,NNRTI,10,2,0,1,sub_lost_resistance
2,2.0,barcode46,NVP,NNRTI,10,2,0,1,sub_lost_resistance
2,2.0,barcode46,RPV,NNRTI,10,2,0,1,sub_lost_resistance
