Sequence Name_sanger,Genes_sanger,PI Major_sanger,PI Accessory_sanger,ATV/r Score_sanger,ATV/r Level_sanger,DRV/r Score_sanger,DRV/r Level_sanger,FPV/r Score_sanger,FPV/r Level_sanger,IDV/r Score_sanger,IDV/r Level_sanger,LPV/r Score_sanger,LPV/r Level_sanger,NFV Score_sanger,NFV Level_sanger,SQV/r Score_sanger,SQV/r Level_sanger,TPV/r Score_sanger,TPV/r Level_sanger,NRTI_sanger,ABC Score_sanger,ABC Level_sanger,AZT Score_sanger,AZT Level_sanger,D4T Score_sanger,D4T Level_sanger,DDI Score_sanger,DDI Level_sanger,FTC Score_sanger,FTC Level_sanger,ISL Score_sanger,ISL Level_sanger,3TC Score_sanger,3TC Level_sanger,TDF Score_sanger,TDF Level_sanger,NNRTI_sanger,DOR Score_sanger,DOR Level_sanger,DPV Score_sanger,DPV Level_sanger,EFV Score_sanger,EFV Level_sanger,ETR Score_sanger,ETR Level_sanger,NVP Score_sanger,NVP Level_sanger,RPV Score_sanger,RPV Level_sanger,INSTI Major_sanger,INSTI Accessory_sanger,BIC Score_sanger,BIC Level_sanger,CAB Score_sanger,CAB Level_sanger,DTG Score_sanger,DTG Level_sanger,EVG Score_sanger,EVG Level_sanger,RAL Score_sanger,RAL Level_sanger,Algorithm Name_sanger,Algorithm Version_sanger,Algorithm Date_sanger,bc,Sequence Name_canu,Genes_canu,PI Major_canu,PI Accessory_canu,ATV/r Score_canu,ATV/r Level_canu,DRV/r Score_canu,DRV/r Level_canu,FPV/r Score_canu,FPV/r Level_canu,IDV/r Score_canu,IDV/r Level_canu,LPV/r Score_canu,LPV/r Level_canu,NFV Score_canu,NFV Level_canu,SQV/r Score_canu,SQV/r Level_canu,TPV/r Score_canu,TPV/r Level_canu,NRTI_canu,ABC Score_canu,ABC Level_canu,AZT Score_canu,AZT Level_canu,D4T Score_canu,D4T Level_canu,DDI Score_canu,DDI Level_canu,FTC Score_canu,FTC Level_canu,ISL Score_canu,ISL Level_canu,3TC Score_canu,3TC Level_canu,TDF Score_canu,TDF Level_canu,NNRTI_canu,DOR Score_canu,DOR Level_canu,DPV Score_canu,DPV Level_canu,EFV Score_canu,EFV Level_canu,ETR Score_canu,ETR Level_canu,NVP Score_canu,NVP Level_canu,RPV Score_canu,RPV Level_canu,INSTI Major_canu,INSTI Accessory_canu,BIC Score_canu,BIC Level_canu,CAB Score_canu,CAB Level_canu,DTG Score_canu,DTG Level_canu,EVG Score_canu,EVG Level_canu,RAL Score_canu,RAL Level_canu,Algorithm Name_canu,Algorithm Version_canu,Algorithm Date_canu,tmp
BC01_ref_V24_05_010,"PR,RT",None,None,0,1,0,1,0,1,0,1,0,1,0,1,0,1,0,1,None,0,1,0,1,0,1,0,1,0,1,0,1,0,1,0,1,"K103N,Y181YC",10,2,60,5,90,5,30,4,120,5,45,4,NA,NA,NA,NA,NA,NA,NA,NA,NA,NA,NA,NA,HIVDB,10.2,2026-04-26,1,barcode01_tig00000001 len=1130 reads=209 class=contig suggestRepeat=no suggestBubble=no suggestCircular=no trim=0-1130,"PR,RT",None,None,0,1,0,1,0,1,0,1,0,1,0,1,0,1,0,1,None,0,1,0,1,0,1,0,1,0,1,0,1,0,1,0,1,"K103N,Y181C",10,2,60,5,90,5,30,4,120,5,45,4,NA,NA,NA,NA,NA,NA,NA,NA,NA,NA,NA,NA,HIVDB,10.2,2026-04-26,0.0
BC02_ref_V24_05_011,"PR,RT",None,None,0,1,0,1,0,1,0,1,0,1,0,1,0,1,0,1,"M41L,M184V,T215Y",50,4,75,5,55,4,45,4,60,5,60,5,60,5,15,3,"A98G,K101H,V108I,G190A",20,3,60,5,75,5,30,4,120,5,50,4,NA,NA,NA,NA,NA,NA,NA,NA,NA,NA,NA,NA,HIVDB,10.2,2026-04-26,2,barcode02_tig00000001 len=1158 reads=200 class=contig suggestRepeat=no suggestBubble=no suggestCircular=no trim=0-1158,"PR,RT",None,None,0,1,0,1,0,1,0,1,0,1,0,1,0,1,0,1,"M41L,M184V,T215Y",50,4,75,5,55,4,45,4,60,5,60,5,60,5,15,3,"A98G,K101H,V108I,G190A",20,3,60,5,75,5,30,4,120,5,50,4,NA,NA,NA,NA,NA,NA,NA,NA,NA,NA,NA,NA,HIVDB,10.2,2026-04-26,0.0
BC03_ref_V24_05_012,"PR,RT",None,None,0,1,0,1,0,1,0,1,0,1,0,1,0,1,0,1,None,0,1,0,1,0,1,0,1,0,1,0,1,0,1,0,1,"K103N,Y181C",10,2,60,5,90,5,30,4,120,5,45,4,NA,NA,NA,NA,NA,NA,NA,NA,NA,NA,NA,NA,HIVDB,10.2,2026-04-26,3,barcode03_tig00000001 len=1224 reads=209 class=contig suggestRepeat=no suggestBubble=no suggestCircular=no trim=0-1224,"PR,RT",None,None,0,1,0,1,0,1,0,1,0,1,0,1,0,1,0,1,None,0,1,0,1,0,1,0,1,0,1,0,1,0,1,0,1,"K103N,Y181C",10,2,60,5,90,5,30,4,120,5,45,4,NA,NA,NA,NA,NA,NA,NA,NA,NA,NA,NA,NA,HIVDB,10.2,2026-04-26,0.0
BC04_ref_V24_05_013,"PR,RT",None,None,0,1,0,1,0,1,0,1,0,1,0,1,0,1,0,1,None,0,1,0,1,0,1,0,1,0,1,0,1,0,1,0,1,None,0,1,0,1,0,1,0,1,0,1,0,1,NA,NA,NA,NA,NA,NA,NA,NA,NA,NA,NA,NA,HIVDB,10.2,2026-04-26,4,barcode04_tig00000001 len=1187 reads=204 class=contig suggestRepeat=no suggestBubble=no suggestCircular=no trim=0-1187,"PR,RT",None,None,0,1,0,1,0,1,0,1,0,1,0,1,0,1,0,1,None,0,1,0,1,0,1,0,1,0,1,0,1,0,1,0,1,None,0,1,0,1,0,1,0,1,0,1,0,1,NA,NA,NA,NA,NA,NA,NA,NA,NA,NA,NA,NA,HIVDB,10.2,2026-04-26,0.0
BC05_ref_V24_05_014,"PR,RT",None,None,0,1,0,1,0,1,0,1,0,1,0,1,0,1,0,1,None,0,1,0,1,0,1,0,1,0,1,0,1,0,1,0,1,K103KN,0,1,0,1,60,5,0,1,60,5,0,1,NA,NA,NA,NA,NA,NA,NA,NA,NA,NA,NA,NA,HIVDB,10.2,2026-04-26,5,barcode05_tig00000001 len=1158 reads=213 class=contig suggestRepeat=no suggestBubble=no suggestCircular=no trim=0-1158,"PR,RT",None,None,0,1,0,1,0,1,0,1,0,1,0,1,0,1,0,1,None,0,1,0,1,0,1,0,1,0,1,0,1,0,1,0,1,K103N,0,1,0,1,60,5,0,1,60,5,0,1,NA,NA,NA,NA,NA,NA,NA,NA,NA,NA,NA,NA,HIVDB,10.2,2026-04-26,0.0
BC06_ref_V24_05_015,"PR,RT",None,None,0,1,0,1,0,1,0,1,0,1,0,1,0,1,0,1,None,0,1,0,1,0,1,0,1,0,1,0,1,0,1,0,1,K103N,0,1,0,1,60,5,0,1,60,5,0,1,NA,NA,NA,NA,NA,NA,NA,NA,NA,NA,NA,NA,HIVDB,10.2,2026-04-26,6,barcode06_tig00000001 len=1130 reads=210 class=contig suggestRepeat=no suggestBubble=no suggestCircular=no trim=0-1130,"PR,RT",None,None,0,1,0,1,0,1,0,1,0,1,0,1,0,1,0,1,None,0,1,0,1,0,1,0,1,0,1,0,1,0,1,0,1,K103N,0,1,0,1,60,5,0,1,60,5,0,1,NA,NA,NA,NA,NA,NA,NA,NA,NA,NA,NA,NA,HIVDB,10.2,2026-04-26,0.0
BC07_ref_V24_05_016,"PR,RT",None,None,0,1,0,1,0,1,0,1,0,1,0,1,0,1,0,1,None,0,1,0,1,0,1,0,1,0,1,0,1,0,1,0,1,None,0,1,0,1,0,1,0,1,0,1,0,1,NA,NA,NA,NA,NA,NA,NA,NA,NA,NA,NA,NA,HIVDB,10.2,2026-04-26,7,barcode07_tig00000001 len=1148 reads=196 class=contig suggestRepeat=no suggestBubble=no suggestCircular=no trim=0-1148,"PR,RT",None,None,0,1,0,1,0,1,0,1,0,1,0,1,0,1,0,1,None,0,1,0,1,0,1,0,1,0,1,0,1,0,1,0,1,None,0,1,0,1,0,1,0,1,0,1,0,1,NA,NA,NA,NA,NA,NA,NA,NA,NA,NA,NA,NA,HIVDB,10.2,2026-04-26,0.0
BC08_ref_V24_05_017,"PR,RT",None,None,0,1,0,1,0,1,0,1,0,1,0,1,0,1,0,1,E44D,0,1,0,1,0,1,0,1,0,1,0,1,0,1,0,1,None,0,1,0,1,0,1,0,1,0,1,0,1,NA,NA,NA,NA,NA,NA,NA,NA,NA,NA,NA,NA,HIVDB,10.2,2026-04-26,8,barcode08_tig00000001 len=1130 reads=213 class=contig suggestRepeat=no suggestBubble=no suggestCircular=no trim=0-1130,"PR,RT",None,None,0,1,0,1,0,1,0,1,0,1,0,1,0,1,0,1,E44D,0,1,0,1,0,1,0,1,0,1,0,1,0,1,0,1,None,0,1,0,1,0,1,0,1,0,1,0,1,NA,NA,NA,NA,NA,NA,NA,NA,NA,NA,NA,NA,HIVDB,10.2,2026-04-26,0.0
BC10_ref_V24_05_019,"PR,RT",None,None,0,1,0,1,0,1,0,1,0,1,0,1,0,1,0,1,None,0,1,0,1,0,1,0,1,0,1,0,1,0,1,0,1,None,0,1,0,1,0,1,0,1,0,1,0,1,NA,NA,NA,NA,NA,NA,NA,NA,NA,NA,NA,NA,HIVDB,10.2,2026-04-26,10,barcode10_tig00000001 len=1226 reads=213 class=contig suggestRepeat=no suggestBubble=no suggestCircular=no trim=0-1226,"PR,RT",None,None,0,1,0,1,0,1,0,1,0,1,0,1,0,1,0,1,None,0,1,0,1,0,1,0,1,0,1,0,1,0,1,0,1,None,0,1,0,1,0,1,0,1,0,1,0,1,NA,NA,NA,NA,NA,NA,NA,NA,NA,NA,NA,NA,HIVDB,10.2,2026-04-26,0.0
BC12_ref_V24_05_021,"PR,RT",None,None,0,1,0,1,0,1,0,1,0,1,0,1,0,1,0,1,None,0,1,0,1,0,1,0,1,0,1,0,1,0,1,0,1,K103N,0,1,0,1,60,5,0,1,60,5,0,1,NA,NA,NA,NA,NA,NA,NA,NA,NA,NA,NA,NA,HIVDB,10.2,2026-04-26,12,barcode12_tig00000001 len=1247 reads=205 class=contig suggestRepeat=no suggestBubble=no suggestCircular=no trim=0-1247,"PR,RT",None,None,0,1,0,1,0,1,0,1,0,1,0,1,0,1,0,1,None,0,1,0,1,0,1,0,1,0,1,0,1,0,1,0,1,K103N,0,1,0,1,60,5,0,1,60,5,0,1,NA,NA,NA,NA,NA,NA,NA,NA,NA,NA,NA,NA,HIVDB,10.2,2026-04-26,0.0
BC13_ref_V24_05_022,"PR,RT",None,None,0,1,0,1,0,1,0,1,0,1,0,1,0,1,0,1,None,0,1,0,1,0,1,0,1,0,1,0,1,0,1,0,1,None,0,1,0,1,0,1,0,1,0,1,0,1,NA,NA,NA,NA,NA,NA,NA,NA,NA,NA,NA,NA,HIVDB,10.2,2026-04-26,13,barcode13_tig00000001 len=1155 reads=211 class=contig suggestRepeat=no suggestBubble=no suggestCircular=no trim=0-1155,"PR,RT",None,None,0,1,0,1,0,1,0,1,0,1,0,1,0,1,0,1,None,0,1,0,1,0,1,0,1,0,1,0,1,0,1,0,1,None,0,1,0,1,0,1,0,1,0,1,0,1,NA,NA,NA,NA,NA,NA,NA,NA,NA,NA,NA,NA,HIVDB,10.2,2026-04-26,0.0
BC14_ref_V24_05_023,"PR,RT",None,None,0,1,0,1,0,1,0,1,0,1,0,1,0,1,0,1,None,0,1,0,1,0,1,0,1,0,1,0,1,0,1,0,1,None,0,1,0,1,0,1,0,1,0,1,0,1,NA,NA,NA,NA,NA,NA,NA,NA,NA,NA,NA,NA,HIVDB,10.2,2026-04-26,14,barcode14_tig00000001 len=1130 reads=209 class=contig suggestRepeat=no suggestBubble=no suggestCircular=no trim=0-1130,"PR,RT",None,None,0,1,0,1,0,1,0,1,0,1,0,1,0,1,0,1,None,0,1,0,1,0,1,0,1,0,1,0,1,0,1,0,1,None,0,1,0,1,0,1,0,1,0,1,0,1,NA,NA,NA,NA,NA,NA,NA,NA,NA,NA,NA,NA,HIVDB,10.2,2026-04-26,0.0
BC15_ref_V24_05_024,"PR,RT",None,None,0,1,0,1,0,1,0,1,0,1,0,1,0,1,0,1,None,0,1,0,1,0,1,0,1,0,1,0,1,0,1,0,1,None,0,1,0,1,0,1,0,1,0,1,0,1,NA,NA,NA,NA,NA,NA,NA,NA,NA,NA,NA,NA,HIVDB,10.2,2026-04-26,15,barcode15_tig00000001 len=1169 reads=210 class=contig suggestRepeat=no suggestBubble=no suggestCircular=no trim=0-1169,"PR,RT",None,None,0,1,0,1,0,1,0,1,0,1,0,1,0,1,0,1,None,0,1,0,1,0,1,0,1,0,1,0,1,0,1,0,1,None,0,1,0,1,0,1,0,1,0,1,0,1,NA,NA,NA,NA,NA,NA,NA,NA,NA,NA,NA,NA,HIVDB,10.2,2026-04-26,0.0
BC16_ref_V24_05_025,"PR,RT",None,None,0,1,0,1,0,1,0,1,0,1,0,1,0,1,0,1,None,0,1,0,1,0,1,0,1,0,1,0,1,0,1,0,1,None,0,1,0,1,0,1,0,1,0,1,0,1,NA,NA,NA,NA,NA,NA,NA,NA,NA,NA,NA,NA,HIVDB,10.2,2026-04-26,16,barcode16_tig00000001 len=1169 reads=203 class=contig suggestRepeat=no suggestBubble=no suggestCircular=no trim=0-1169,"PR,RT",None,None,0,1,0,1,0,1,0,1,0,1,0,1,0,1,0,1,None,0,1,0,1,0,1,0,1,0,1,0,1,0,1,0,1,None,0,1,0,1,0,1,0,1,0,1,0,1,NA,NA,NA,NA,NA,NA,NA,NA,NA,NA,NA,NA,HIVDB,10.2,2026-04-26,0.0
BC17_ref_V24_05_026,"PR,RT",None,None,0,1,0,1,0,1,0,1,0,1,0,1,0,1,0,1,"S68G,T215C",0,1,10,2,20,3,10,2,0,1,0,1,0,1,0,1,"V108I,Y181V,H221Y",30,4,80,5,50,4,70,5,90,5,85,5,NA,NA,NA,NA,NA,NA,NA,NA,NA,NA,NA,NA,HIVDB,10.2,2026-04-26,17,barcode17_tig00000001 len=1298 reads=212 class=contig suggestRepeat=no suggestBubble=no suggestCircular=no trim=0-1298,"PR,RT",None,None,0,1,0,1,0,1,0,1,0,1,0,1,0,1,0,1,"S68G,T215C",0,1,10,2,20,3,10,2,0,1,0,1,0,1,0,1,"V108I,Y181V,H221Y",30,4,80,5,50,4,70,5,90,5,85,5,NA,NA,NA,NA,NA,NA,NA,NA,NA,NA,NA,NA,HIVDB,10.2,2026-04-26,0.0
BC20_ref_V24_05_029,"PR,RT",None,None,0,1,0,1,0,1,0,1,0,1,0,1,0,1,0,1,None,0,1,0,1,0,1,0,1,0,1,0,1,0,1,0,1,None,0,1,0,1,0,1,0,1,0,1,0,1,NA,NA,NA,NA,NA,NA,NA,NA,NA,NA,NA,NA,HIVDB,10.2,2026-04-26,20,barcode20_tig00000001 len=1169 reads=199 class=contig suggestRepeat=no suggestBubble=no suggestCircular=no trim=0-1169,"PR,RT",None,None,0,1,0,1,0,1,0,1,0,1,0,1,0,1,0,1,None,0,1,0,1,0,1,0,1,0,1,0,1,0,1,0,1,None,0,1,0,1,0,1,0,1,0,1,0,1,NA,NA,NA,NA,NA,NA,NA,NA,NA,NA,NA,NA,HIVDB,10.2,2026-04-26,0.0
BC21_ref_V24_05_030,"PR,RT",None,None,0,1,0,1,0,1,0,1,0,1,0,1,0,1,0,1,"D67T,K70R,M184V,T215V,K219E",45,4,80,5,45,4,40,4,70,5,40,4,70,5,10,2,Y181C,5,1,65,5,30,4,30,4,60,5,50,4,NA,NA,NA,NA,NA,NA,NA,NA,NA,NA,NA,NA,HIVDB,10.2,2026-04-26,21,barcode21_tig00000001 len=1128 reads=69 class=contig suggestRepeat=no suggestBubble=no suggestCircular=no trim=0-1128,"PR,RT",None,None,0,1,0,1,0,1,0,1,0,1,0,1,0,1,0,1,"D67T,K70R,M184V,T215V,K219E",45,4,80,5,45,4,40,4,70,5,40,4,70,5,10,2,"V179L,Y181C",5,1,80,5,40,4,40,4,70,5,60,5,NA,NA,NA,NA,NA,NA,NA,NA,NA,NA,NA,NA,HIVDB,10.2,2026-04-26,0.0
BC29_ref_V24_05_038,"PR,RT",None,None,0,1,0,1,0,1,0,1,0,1,0,1,0,1,0,1,None,0,1,0,1,0,1,0,1,0,1,0,1,0,1,0,1,None,0,1,0,1,0,1,0,1,0,1,0,1,NA,NA,NA,NA,NA,NA,NA,NA,NA,NA,NA,NA,HIVDB,10.2,2026-04-26,29,barcode29_tig00000001 len=1157 reads=215 class=contig suggestRepeat=no suggestBubble=no suggestCircular=no trim=0-1157,"PR,RT",None,None,0,1,0,1,0,1,0,1,0,1,0,1,0,1,0,1,None,0,1,0,1,0,1,0,1,0,1,0,1,0,1,0,1,None,0,1,0,1,0,1,0,1,0,1,0,1,NA,NA,NA,NA,NA,NA,NA,NA,NA,NA,NA,NA,HIVDB,10.2,2026-04-26,0.0
BC30_ref_V24_05_039,"PR,RT",None,None,0,1,0,1,0,1,0,1,0,1,0,1,0,1,0,1,None,0,1,0,1,0,1,0,1,0,1,0,1,0,1,0,1,None,0,1,0,1,0,1,0,1,0,1,0,1,NA,NA,NA,NA,NA,NA,NA,NA,NA,NA,NA,NA,HIVDB,10.2,2026-04-26,30,barcode30_tig00000001 len=1287 reads=214 class=contig suggestRepeat=no suggestBubble=no suggestCircular=no trim=0-1287,"PR,RT",None,None,0,1,0,1,0,1,0,1,0,1,0,1,0,1,0,1,None,0,1,0,1,0,1,0,1,0,1,0,1,0,1,0,1,None,0,1,0,1,0,1,0,1,0,1,0,1,NA,NA,NA,NA,NA,NA,NA,NA,NA,NA,NA,NA,HIVDB,10.2,2026-04-26,0.0
BC32_ref_V24_05_041,"PR,RT",None,None,0,1,0,1,0,1,0,1,0,1,0,1,0,1,0,1,None,0,1,0,1,0,1,0,1,0,1,0,1,0,1,0,1,"A98G,V106I",20,3,35,4,15,3,15,3,35,4,25,3,NA,NA,NA,NA,NA,NA,NA,NA,NA,NA,NA,NA,HIVDB,10.2,2026-04-26,32,barcode32_tig00000001 len=1238 reads=211 class=contig suggestRepeat=no suggestBubble=no suggestCircular=no trim=0-1238,"PR,RT",None,None,0,1,0,1,0,1,0,1,0,1,0,1,0,1,0,1,None,0,1,0,1,0,1,0,1,0,1,0,1,0,1,0,1,"A98G,V106I",20,3,35,4,15,3,15,3,35,4,25,3,NA,NA,NA,NA,NA,NA,NA,NA,NA,NA,NA,NA,HIVDB,10.2,2026-04-26,0.0
BC33_ref_V24_05_069,"PR,RT",None,None,0,1,0,1,0,1,0,1,0,1,0,1,0,1,0,1,M184V,15,3,-10,1,-10,1,10,2,60,5,30,4,60,5,-10,1,"A98G,K103N",10,2,30,4,70,5,10,2,90,5,15,3,NA,NA,NA,NA,NA,NA,NA,NA,NA,NA,NA,NA,HIVDB,10.2,2026-04-26,33,barcode33_tig00000001 len=1296 reads=218 class=contig suggestRepeat=no suggestBubble=no suggestCircular=no trim=0-1296,"PR,RT",None,None,0,1,0,1,0,1,0,1,0,1,0,1,0,1,0,1,M184V,15,3,-10,1,-10,1,10,2,60,5,30,4,60,5,-10,1,"A98G,K103N",10,2,30,4,70,5,10,2,90,5,15,3,NA,NA,NA,NA,NA,NA,NA,NA,NA,NA,NA,NA,HIVDB,10.2,2026-04-26,0.0
BC34_ref_V24_05_068,"PR,RT",None,None,0,1,0,1,0,1,0,1,0,1,0,1,0,1,0,1,"D67N,K70R,V75VM,M184V,K219Q",45,4,70,5,70,5,55,4,70,5,40,4,70,5,10,2,K103N,0,1,0,1,60,5,0,1,60,5,0,1,NA,NA,NA,NA,NA,NA,NA,NA,NA,NA,NA,NA,HIVDB,10.2,2026-04-26,34,barcode34_tig00000001 len=1211 reads=215 class=contig suggestRepeat=no suggestBubble=no suggestCircular=no trim=0-1211,"PR,RT",None,None,0,1,0,1,0,1,0,1,0,1,0,1,0,1,0,1,"D67N,K70R,V75M,M184V,K219Q",45,4,70,5,70,5,55,4,70,5,40,4,70,5,10,2,K103N,0,1,0,1,60,5,0,1,60,5,0,1,NA,NA,NA,NA,NA,NA,NA,NA,NA,NA,NA,NA,HIVDB,10.2,2026-04-26,0.0
BC35_ref_V24_05_067,"PR,RT",None,None,0,1,0,1,0,1,0,1,0,1,0,1,0,1,0,1,"D67S,S68G,T69del,K70R,M184V,T215I,K219E",60,5,80,5,75,5,70,5,85,5,40,4,85,5,25,3,P225H,10,2,10,2,45,4,0,1,45,4,0,1,NA,NA,NA,NA,NA,NA,NA,NA,NA,NA,NA,NA,HIVDB,10.2,2026-04-26,35,barcode35_tig00000001 len=1165 reads=216 class=contig suggestRepeat=no suggestBubble=no suggestCircular=no trim=0-1165,"PR,RT",None,None,0,1,0,1,0,1,0,1,0,1,0,1,0,1,0,1,"D67S,S68G,T69del,K70R,M184V,T215I,K219E",60,5,80,5,75,5,70,5,85,5,40,4,85,5,25,3,P225H,10,2,10,2,45,4,0,1,45,4,0,1,NA,NA,NA,NA,NA,NA,NA,NA,NA,NA,NA,NA,HIVDB,10.2,2026-04-26,0.0
BC36_ref_V24_05_066,"PR,RT",None,None,0,1,0,1,0,1,0,1,0,1,0,1,0,1,0,1,None,0,1,0,1,0,1,0,1,0,1,0,1,0,1,0,1,None,0,1,0,1,0,1,0,1,0,1,0,1,NA,NA,NA,NA,NA,NA,NA,NA,NA,NA,NA,NA,HIVDB,10.2,2026-04-26,36,barcode36_tig00000001 len=1294 reads=212 class=contig suggestRepeat=no suggestBubble=no suggestCircular=no trim=0-1294,"PR,RT",None,None,0,1,0,1,0,1,0,1,0,1,0,1,0,1,0,1,None,0,1,0,1,0,1,0,1,0,1,0,1,0,1,0,1,None,0,1,0,1,0,1,0,1,0,1,0,1,NA,NA,NA,NA,NA,NA,NA,NA,NA,NA,NA,NA,HIVDB,10.2,2026-04-26,0.0
BC37_ref_V24_05_065,"PR,RT",None,None,0,1,0,1,0,1,0,1,0,1,0,1,0,1,0,1,M184MV,15,3,-10,1,-10,1,10,2,60,5,30,4,60,5,-10,1,K103KN,0,1,0,1,60,5,0,1,60,5,0,1,NA,NA,NA,NA,NA,NA,NA,NA,NA,NA,NA,NA,HIVDB,10.2,2026-04-26,37,barcode37_tig00000001 len=1190 reads=11032 class=contig suggestRepeat=no suggestBubble=no suggestCircular=no trim=0-1190,"PR,RT",None,None,0,1,0,1,0,1,0,1,0,1,0,1,0,1,0,1,M184V,15,3,-10,1,-10,1,10,2,60,5,30,4,60,5,-10,1,K103N,0,1,0,1,60,5,0,1,60,5,0,1,NA,NA,NA,NA,NA,NA,NA,NA,NA,NA,NA,NA,HIVDB,10.2,2026-04-26,0.0
BC43_ref_V24_05_059,"PR,RT",None,None,0,1,0,1,0,1,0,1,0,1,0,1,0,1,0,1,E44D,0,1,0,1,0,1,0,1,0,1,0,1,0,1,0,1,None,0,1,0,1,0,1,0,1,0,1,0,1,NA,NA,NA,NA,NA,NA,NA,NA,NA,NA,NA,NA,HIVDB,10.2,2026-04-26,43,barcode43_tig00000001 len=1184 reads=217 class=contig suggestRepeat=no suggestBubble=no suggestCircular=no trim=0-1184,"PR,RT",None,None,0,1,0,1,0,1,0,1,0,1,0,1,0,1,0,1,E44D,0,1,0,1,0,1,0,1,0,1,0,1,0,1,0,1,None,0,1,0,1,0,1,0,1,0,1,0,1,NA,NA,NA,NA,NA,NA,NA,NA,NA,NA,NA,NA,HIVDB,10.2,2026-04-26,0.0
BC44_ref_V24_05_058,"PR,RT",None,None,0,1,0,1,0,1,0,1,0,1,0,1,0,1,0,1,None,0,1,0,1,0,1,0,1,0,1,0,1,0,1,0,1,None,0,1,0,1,0,1,0,1,0,1,0,1,NA,NA,NA,NA,NA,NA,NA,NA,NA,NA,NA,NA,HIVDB,10.2,2026-04-26,44,barcode44_tig00000001 len=1130 reads=219 class=contig suggestRepeat=no suggestBubble=no suggestCircular=no trim=0-1130,"PR,RT",None,None,0,1,0,1,0,1,0,1,0,1,0,1,0,1,0,1,None,0,1,0,1,0,1,0,1,0,1,0,1,0,1,0,1,None,0,1,0,1,0,1,0,1,0,1,0,1,NA,NA,NA,NA,NA,NA,NA,NA,NA,NA,NA,NA,HIVDB,10.2,2026-04-26,0.0
BC45_ref_V24_05_057,"PR,RT",None,None,0,1,0,1,0,1,0,1,0,1,0,1,0,1,0,1,None,0,1,0,1,0,1,0,1,0,1,0,1,0,1,0,1,K103N,0,1,0,1,60,5,0,1,60,5,0,1,NA,NA,NA,NA,NA,NA,NA,NA,NA,NA,NA,NA,HIVDB,10.2,2026-04-26,45,barcode45_tig00000001 len=1159 reads=206 class=contig suggestRepeat=no suggestBubble=no suggestCircular=no trim=0-1159,"PR,RT",None,None,0,1,0,1,0,1,0,1,0,1,0,1,0,1,0,1,None,0,1,0,1,0,1,0,1,0,1,0,1,0,1,0,1,K103N,0,1,0,1,60,5,0,1,60,5,0,1,NA,NA,NA,NA,NA,NA,NA,NA,NA,NA,NA,NA,HIVDB,10.2,2026-04-26,0.0
BC46_ref_V24_05_056,"PR,RT",None,None,0,1,0,1,0,1,0,1,0,1,0,1,0,1,0,1,None,0,1,0,1,0,1,0,1,0,1,0,1,0,1,0,1,V179D,0,1,10,2,10,2,10,2,10,2,10,2,NA,NA,NA,NA,NA,NA,NA,NA,NA,NA,NA,NA,HIVDB,10.2,2026-04-26,46,barcode46_tig00000001 len=1299 reads=208 class=contig suggestRepeat=no suggestBubble=no suggestCircular=no trim=0-1299,"PR,RT",None,None,0,1,0,1,0,1,0,1,0,1,0,1,0,1,0,1,None,0,1,0,1,0,1,0,1,0,1,0,1,0,1,0,1,None,0,1,0,1,0,1,0,1,0,1,0,1,NA,NA,NA,NA,NA,NA,NA,NA,NA,NA,NA,NA,HIVDB,10.2,2026-04-26,0.0
BC48_ref_V24_05_054,"PR,RT",None,None,0,1,0,1,0,1,0,1,0,1,0,1,0,1,0,1,M184V,15,3,-10,1,-10,1,10,2,60,5,30,4,60,5,-10,1,"K103N,V179T",0,1,0,1,60,5,0,1,60,5,0,1,NA,NA,NA,NA,NA,NA,NA,NA,NA,NA,NA,NA,HIVDB,10.2,2026-04-26,48,barcode48_tig00000001 len=1303 reads=10909 class=contig suggestRepeat=no suggestBubble=no suggestCircular=no trim=0-1303,"PR,RT",None,None,0,1,0,1,0,1,0,1,0,1,0,1,0,1,0,1,M184V,15,3,-10,1,-10,1,10,2,60,5,30,4,60,5,-10,1,"K103N,V179T",0,1,0,1,60,5,0,1,60,5,0,1,NA,NA,NA,NA,NA,NA,NA,NA,NA,NA,NA,NA,HIVDB,10.2,2026-04-26,0.0
BC49_ref_V24_05_042,"PR,RT",None,None,0,1,0,1,0,1,0,1,0,1,0,1,0,1,0,1,M184MV,15,3,-10,1,-10,1,10,2,60,5,30,4,60,5,-10,1,None,0,1,0,1,0,1,0,1,0,1,0,1,NA,NA,NA,NA,NA,NA,NA,NA,NA,NA,NA,NA,HIVDB,10.2,2026-04-26,49,barcode49_tig00000001 len=1222 reads=218 class=contig suggestRepeat=no suggestBubble=no suggestCircular=no trim=0-1222,"PR,RT",None,None,0,1,0,1,0,1,0,1,0,1,0,1,0,1,0,1,M184V,15,3,-10,1,-10,1,10,2,60,5,30,4,60,5,-10,1,None,0,1,0,1,0,1,0,1,0,1,0,1,NA,NA,NA,NA,NA,NA,NA,NA,NA,NA,NA,NA,HIVDB,10.2,2026-04-26,0.0
BC50_ref_V24_05_043,"PR,RT",None,None,0,1,0,1,0,1,0,1,0,1,0,1,0,1,0,1,None,0,1,0,1,0,1,0,1,0,1,0,1,0,1,0,1,None,0,1,0,1,0,1,0,1,0,1,0,1,NA,NA,NA,NA,NA,NA,NA,NA,NA,NA,NA,NA,HIVDB,10.2,2026-04-26,50,barcode50_tig00000001 len=1159 reads=214 class=contig suggestRepeat=no suggestBubble=no suggestCircular=no trim=0-1159,"PR,RT",None,None,0,1,0,1,0,1,0,1,0,1,0,1,0,1,0,1,None,0,1,0,1,0,1,0,1,0,1,0,1,0,1,0,1,None,0,1,0,1,0,1,0,1,0,1,0,1,NA,NA,NA,NA,NA,NA,NA,NA,NA,NA,NA,NA,HIVDB,10.2,2026-04-26,0.0
BC53_ref_V24_05_046,"PR,RT",None,None,0,1,0,1,0,1,0,1,0,1,0,1,0,1,0,1,"D67DN,K70KR,M184V",25,3,35,4,20,3,25,3,60,5,35,4,60,5,0,1,None,0,1,0,1,0,1,0,1,0,1,0,1,NA,NA,NA,NA,NA,NA,NA,NA,NA,NA,NA,NA,HIVDB,10.2,2026-04-26,53,barcode53_tig00000001 len=1228 reads=210 class=contig suggestRepeat=no suggestBubble=no suggestCircular=no trim=0-1228,"PR,RT",None,None,0,1,0,1,0,1,0,1,0,1,0,1,0,1,0,1,M184V,15,3,-10,1,-10,1,10,2,60,5,30,4,60,5,-10,1,None,0,1,0,1,0,1,0,1,0,1,0,1,NA,NA,NA,NA,NA,NA,NA,NA,NA,NA,NA,NA,HIVDB,10.2,2026-04-26,0.0
BC54_ref_V24_05_047,"PR,RT",None,None,0,1,0,1,0,1,0,1,0,1,0,1,0,1,0,1,"D67N,K70R,M184V,K219Q",45,4,60,5,40,4,40,4,70,5,40,4,70,5,10,2,None,0,1,5,1,0,1,0,1,0,1,5,1,NA,NA,NA,NA,NA,NA,NA,NA,NA,NA,NA,NA,HIVDB,10.2,2026-04-26,54,barcode54_tig00000001 len=1160 reads=211 class=contig suggestRepeat=no suggestBubble=no suggestCircular=no trim=0-1160,"PR,RT",None,None,0,1,0,1,0,1,0,1,0,1,0,1,0,1,0,1,"D67N,K70R,M184V,K219Q",45,4,60,5,40,4,40,4,70,5,40,4,70,5,10,2,None,0,1,5,1,0,1,0,1,0,1,5,1,NA,NA,NA,NA,NA,NA,NA,NA,NA,NA,NA,NA,HIVDB,10.2,2026-04-26,0.0
BC55_ref_V24_05_048,"PR,RT",None,L89MT,5,1,0,1,0,1,0,1,0,1,0,1,0,1,0,1,M184V,15,3,-10,1,-10,1,10,2,60,5,30,4,60,5,-10,1,E138A,0,1,15,3,0,1,10,2,0,1,10,2,NA,NA,NA,NA,NA,NA,NA,NA,NA,NA,NA,NA,HIVDB,10.2,2026-04-26,55,barcode55_tig00000001 len=1201 reads=10786 class=contig suggestRepeat=no suggestBubble=no suggestCircular=no trim=0-1201,"PR,RT",None,None,0,1,0,1,0,1,0,1,0,1,0,1,0,1,0,1,M184V,15,3,-10,1,-10,1,10,2,60,5,30,4,60,5,-10,1,E138A,0,1,15,3,0,1,10,2,0,1,10,2,NA,NA,NA,NA,NA,NA,NA,NA,NA,NA,NA,NA,HIVDB,10.2,2026-04-26,0.0
BC57_ref_V24_05_050,"PR,RT","M46I,I54L,N88S",Q58E,85,5,15,3,60,5,35,4,30,4,120,5,40,4,10,2,"E44D,D67N,M184V,T215Y",30,4,65,5,45,4,30,4,60,5,40,4,60,5,5,1,"K103N,V179T,Y188H",0,1,5,1,90,5,0,1,120,5,0,1,NA,NA,NA,NA,NA,NA,NA,NA,NA,NA,NA,NA,HIVDB,10.2,2026-04-26,57,barcode57_tig00000001 len=1271 reads=213 class=contig suggestRepeat=no suggestBubble=no suggestCircular=no trim=0-1271,"PR,RT","M46I,I54L,N88S",Q58E,85,5,15,3,60,5,35,4,30,4,120,5,40,4,10,2,"E44D,D67N,M184V,T215Y",30,4,65,5,45,4,30,4,60,5,40,4,60,5,5,1,"K103N,V179T,Y188H",0,1,5,1,90,5,0,1,120,5,0,1,NA,NA,NA,NA,NA,NA,NA,NA,NA,NA,NA,NA,HIVDB,10.2,2026-04-26,0.0
BC58_ref_V24_05_051,"PR,RT",None,None,0,1,0,1,0,1,0,1,0,1,0,1,0,1,0,1,None,0,1,0,1,0,1,0,1,0,1,0,1,0,1,0,1,None,0,1,0,1,0,1,0,1,0,1,0,1,NA,NA,NA,NA,NA,NA,NA,NA,NA,NA,NA,NA,HIVDB,10.2,2026-04-26,58,barcode58_tig00000001 len=1211 reads=210 class=contig suggestRepeat=no suggestBubble=no suggestCircular=no trim=0-1211,"PR,RT",None,None,0,1,0,1,0,1,0,1,0,1,0,1,0,1,0,1,None,0,1,0,1,0,1,0,1,0,1,0,1,0,1,0,1,None,0,1,0,1,0,1,0,1,0,1,0,1,NA,NA,NA,NA,NA,NA,NA,NA,NA,NA,NA,NA,HIVDB,10.2,2026-04-26,0.0
BC59_ref_V24_05_052,"PR,RT",None,None,0,1,0,1,0,1,0,1,0,1,0,1,0,1,0,1,"K65KR,S68SG,K70KT,M184MI",75,5,-20,1,75,5,85,5,85,5,20,3,85,5,65,5,"L100LI,K103NS",30,4,65,5,105,5,30,4,120,5,65,5,NA,NA,NA,NA,NA,NA,NA,NA,NA,NA,NA,NA,HIVDB,10.2,2026-04-26,59,barcode59_tig00000001 len=1128 reads=45 class=contig suggestRepeat=no suggestBubble=no suggestCircular=no trim=0-1128,"PR,RT",None,None,0,1,0,1,0,1,0,1,0,1,0,1,0,1,0,1,None,0,1,0,1,0,1,0,1,0,1,0,1,0,1,0,1,"L100I,K103N",30,4,60,5,105,5,30,4,120,5,60,5,NA,NA,NA,NA,NA,NA,NA,NA,NA,NA,NA,NA,HIVDB,10.2,2026-04-26,0.0
BC60_ref_V24_05_053,"PR,RT",None,None,0,1,0,1,0,1,0,1,0,1,0,1,0,1,0,1,M184V,15,3,-10,1,-10,1,10,2,60,5,30,4,60,5,-10,1,"K103N,E138Q",0,1,20,3,70,5,10,2,70,5,20,3,NA,NA,NA,NA,NA,NA,NA,NA,NA,NA,NA,NA,HIVDB,10.2,2026-04-26,60,barcode60_tig00000001 len=1129 reads=213 class=contig suggestRepeat=no suggestBubble=no suggestCircular=no trim=0-1129,"PR,RT",None,None,0,1,0,1,0,1,0,1,0,1,0,1,0,1,0,1,M184V,15,3,-10,1,-10,1,10,2,60,5,30,4,60,5,-10,1,"K103N,E138Q",0,1,20,3,70,5,10,2,70,5,20,3,NA,NA,NA,NA,NA,NA,NA,NA,NA,NA,NA,NA,HIVDB,10.2,2026-04-26,0.0
BC61_ref_V24_05_070,"PR,RT",None,None,0,1,0,1,0,1,0,1,0,1,0,1,0,1,0,1,M184V,15,3,-10,1,-10,1,10,2,60,5,30,4,60,5,-10,1,None,0,1,0,1,0,1,0,1,0,1,0,1,NA,NA,NA,NA,NA,NA,NA,NA,NA,NA,NA,NA,HIVDB,10.2,2026-04-26,61,barcode61_tig00000001 len=1278 reads=232 class=contig suggestRepeat=no suggestBubble=no suggestCircular=no trim=0-1278,"PR,RT",None,None,0,1,0,1,0,1,0,1,0,1,0,1,0,1,0,1,M184V,15,3,-10,1,-10,1,10,2,60,5,30,4,60,5,-10,1,None,0,1,0,1,0,1,0,1,0,1,0,1,NA,NA,NA,NA,NA,NA,NA,NA,NA,NA,NA,NA,HIVDB,10.2,2026-04-26,0.0
BC62_ref_V24_05_071,"PR,RT",None,None,0,1,0,1,0,1,0,1,0,1,0,1,0,1,0,1,None,0,1,0,1,0,1,0,1,0,1,0,1,0,1,0,1,None,0,1,0,1,0,1,0,1,0,1,0,1,NA,NA,NA,NA,NA,NA,NA,NA,NA,NA,NA,NA,HIVDB,10.2,2026-04-26,62,barcode62_tig00000001 len=1206 reads=214 class=contig suggestRepeat=no suggestBubble=no suggestCircular=no trim=0-1206,"PR,RT",None,None,0,1,0,1,0,1,0,1,0,1,0,1,0,1,0,1,None,0,1,0,1,0,1,0,1,0,1,0,1,0,1,0,1,None,0,1,0,1,0,1,0,1,0,1,0,1,NA,NA,NA,NA,NA,NA,NA,NA,NA,NA,NA,NA,HIVDB,10.2,2026-04-26,0.0
BC63_ref_V24_05_072,"PR,RT",None,None,0,1,0,1,0,1,0,1,0,1,0,1,0,1,0,1,None,0,1,0,1,0,1,0,1,0,1,0,1,0,1,0,1,None,0,1,0,1,0,1,0,1,0,1,0,1,NA,NA,NA,NA,NA,NA,NA,NA,NA,NA,NA,NA,HIVDB,10.2,2026-04-26,63,barcode63_tig00000001 len=1160 reads=218 class=contig suggestRepeat=no suggestBubble=no suggestCircular=no trim=0-1160,"PR,RT",None,None,0,1,0,1,0,1,0,1,0,1,0,1,0,1,0,1,None,0,1,0,1,0,1,0,1,0,1,0,1,0,1,0,1,None,0,1,0,1,0,1,0,1,0,1,0,1,NA,NA,NA,NA,NA,NA,NA,NA,NA,NA,NA,NA,HIVDB,10.2,2026-04-26,0.0
BC66_ref_V24_05_075,"PR,RT",None,None,0,1,0,1,0,1,0,1,0,1,0,1,0,1,0,1,"S68G,T215F",10,2,60,5,40,4,15,3,0,1,10,2,0,1,10,2,K103N,0,1,0,1,60,5,0,1,60,5,0,1,NA,NA,NA,NA,NA,NA,NA,NA,NA,NA,NA,NA,HIVDB,10.2,2026-04-26,66,barcode66_tig00000001 len=1153 reads=184 class=contig suggestRepeat=no suggestBubble=no suggestCircular=no trim=0-1153,"PR,RT",None,None,0,1,0,1,0,1,0,1,0,1,0,1,0,1,0,1,"S68G,T215F",10,2,60,5,40,4,15,3,0,1,10,2,0,1,10,2,K103N,0,1,0,1,60,5,0,1,60,5,0,1,NA,NA,NA,NA,NA,NA,NA,NA,NA,NA,NA,NA,HIVDB,10.2,2026-04-26,0.0
BC67_ref_V24_05_076,"PR,RT",None,None,0,1,0,1,0,1,0,1,0,1,0,1,0,1,0,1,None,0,1,0,1,0,1,0,1,0,1,0,1,0,1,0,1,K101KE,5,1,45,4,15,3,10,2,30,4,45,4,NA,NA,NA,NA,NA,NA,NA,NA,NA,NA,NA,NA,HIVDB,10.2,2026-04-26,67,barcode67_tig00000001 len=1129 reads=208 class=contig suggestRepeat=no suggestBubble=no suggestCircular=no trim=0-1129,"PR,RT",None,None,0,1,0,1,0,1,0,1,0,1,0,1,0,1,0,1,None,0,1,0,1,0,1,0,1,0,1,0,1,0,1,0,1,"K101E,G190A",10,2,60,5,60,5,25,3,90,5,60,5,NA,NA,NA,NA,NA,NA,NA,NA,NA,NA,NA,NA,HIVDB,10.2,2026-04-26,0.0
BC68_ref_V24_05_077,"PR,RT",None,None,0,1,0,1,0,1,0,1,0,1,0,1,0,1,0,1,None,0,1,0,1,0,1,0,1,0,1,0,1,0,1,0,1,Y181C,5,1,60,5,30,4,30,4,60,5,45,4,NA,NA,NA,NA,NA,NA,NA,NA,NA,NA,NA,NA,HIVDB,10.2,2026-04-26,68,barcode68_tig00000001 len=1211 reads=216 class=contig suggestRepeat=no suggestBubble=no suggestCircular=no trim=0-1211,"PR,RT",None,None,0,1,0,1,0,1,0,1,0,1,0,1,0,1,0,1,None,0,1,0,1,0,1,0,1,0,1,0,1,0,1,0,1,Y181C,5,1,60,5,30,4,30,4,60,5,45,4,NA,NA,NA,NA,NA,NA,NA,NA,NA,NA,NA,NA,HIVDB,10.2,2026-04-26,0.0
BC70_ref_V24_05_079,"PR,RT",None,None,0,1,0,1,0,1,0,1,0,1,0,1,0,1,0,1,None,0,1,0,1,0,1,0,1,0,1,0,1,0,1,0,1,None,0,1,5,1,0,1,0,1,0,1,5,1,NA,NA,NA,NA,NA,NA,NA,NA,NA,NA,NA,NA,HIVDB,10.2,2026-04-26,70,barcode70_tig00000001 len=1210 reads=216 class=contig suggestRepeat=no suggestBubble=no suggestCircular=no trim=0-1210,"PR,RT",None,None,0,1,0,1,0,1,0,1,0,1,0,1,0,1,0,1,None,0,1,0,1,0,1,0,1,0,1,0,1,0,1,0,1,None,0,1,0,1,0,1,0,1,0,1,0,1,NA,NA,NA,NA,NA,NA,NA,NA,NA,NA,NA,NA,HIVDB,10.2,2026-04-26,0.0
BC71_ref_V24_05_080,"PR,RT",None,None,0,1,0,1,0,1,0,1,0,1,0,1,0,1,0,1,None,0,1,0,1,0,1,0,1,0,1,0,1,0,1,0,1,None,0,1,0,1,0,1,0,1,0,1,0,1,NA,NA,NA,NA,NA,NA,NA,NA,NA,NA,NA,NA,HIVDB,10.2,2026-04-26,71,barcode71_tig00000001 len=1130 reads=211 class=contig suggestRepeat=no suggestBubble=no suggestCircular=no trim=0-1130,"PR,RT",None,None,0,1,0,1,0,1,0,1,0,1,0,1,0,1,0,1,None,0,1,0,1,0,1,0,1,0,1,0,1,0,1,0,1,None,0,1,0,1,0,1,0,1,0,1,0,1,NA,NA,NA,NA,NA,NA,NA,NA,NA,NA,NA,NA,HIVDB,10.2,2026-04-26,0.0
BC72_ref_V24_05_081,"PR,RT",None,None,0,1,0,1,0,1,0,1,0,1,0,1,0,1,0,1,"M41L,M184V",20,3,5,1,5,1,20,3,60,5,35,4,60,5,-5,1,"K103N,P225H",30,4,10,2,105,5,0,1,105,5,0,1,NA,NA,NA,NA,NA,NA,NA,NA,NA,NA,NA,NA,HIVDB,10.2,2026-04-26,72,barcode72_tig00000001 len=1199 reads=10874 class=contig suggestRepeat=no suggestBubble=no suggestCircular=no trim=0-1199,"PR,RT",None,None,0,1,0,1,0,1,0,1,0,1,0,1,0,1,0,1,"M41L,M184V",20,3,5,1,5,1,20,3,60,5,35,4,60,5,-5,1,"K103N,P225H",30,4,10,2,105,5,0,1,105,5,0,1,NA,NA,NA,NA,NA,NA,NA,NA,NA,NA,NA,NA,HIVDB,10.2,2026-04-26,0.0
BC73_ref_V24_05_082,"PR,RT",None,None,0,1,0,1,0,1,0,1,0,1,0,1,0,1,0,1,None,0,1,0,1,0,1,0,1,0,1,0,1,0,1,0,1,None,0,1,0,1,0,1,0,1,0,1,0,1,NA,NA,NA,NA,NA,NA,NA,NA,NA,NA,NA,NA,HIVDB,10.2,2026-04-26,73,barcode73_tig00000001 len=1219 reads=210 class=contig suggestRepeat=no suggestBubble=no suggestCircular=no trim=0-1219,"PR,RT",None,None,0,1,0,1,0,1,0,1,0,1,0,1,0,1,0,1,M184V,15,3,-10,1,-10,1,10,2,60,5,30,4,60,5,-10,1,"K103N,E138A,P225H",30,4,25,3,105,5,10,2,105,5,10,2,NA,NA,NA,NA,NA,NA,NA,NA,NA,NA,NA,NA,HIVDB,10.2,2026-04-26,0.0
BC75_ref_V24_05_084,"PR,RT",None,L33F,5,1,5,1,10,2,5,1,5,1,10,2,5,1,10,2,None,0,1,0,1,0,1,0,1,0,1,0,1,0,1,0,1,"K103N,E138G,P225H",30,4,30,4,115,5,10,2,115,5,20,3,NA,NA,NA,NA,NA,NA,NA,NA,NA,NA,NA,NA,HIVDB,10.2,2026-04-26,75,barcode75_tig00000001 len=1129 reads=215 class=contig suggestRepeat=no suggestBubble=no suggestCircular=no trim=0-1129,"PR,RT",None,None,0,1,0,1,0,1,0,1,0,1,0,1,0,1,0,1,None,0,1,0,1,0,1,0,1,0,1,0,1,0,1,0,1,None,0,1,0,1,0,1,0,1,0,1,0,1,NA,NA,NA,NA,NA,NA,NA,NA,NA,NA,NA,NA,HIVDB,10.2,2026-04-26,0.0
BC76_ref_V24_05_085,"PR,RT",None,None,0,1,0,1,0,1,0,1,0,1,0,1,0,1,0,1,None,0,1,0,1,0,1,0,1,0,1,0,1,0,1,0,1,None,0,1,0,1,0,1,0,1,0,1,0,1,NA,NA,NA,NA,NA,NA,NA,NA,NA,NA,NA,NA,HIVDB,10.2,2026-04-26,76,barcode76_tig00000001 len=1145 reads=214 class=contig suggestRepeat=no suggestBubble=no suggestCircular=no trim=0-1145,"PR,RT",None,None,0,1,0,1,0,1,0,1,0,1,0,1,0,1,0,1,"L74I,Y115F,M184V,K219E",75,5,0,1,0,1,75,5,60,5,25,3,60,5,10,2,"Y181C,H221Y",20,3,75,5,40,4,40,4,75,5,65,5,NA,NA,NA,NA,NA,NA,NA,NA,NA,NA,NA,NA,HIVDB,10.2,2026-04-26,0.0
BC78_ref_V24_05_087,"PR,RT",None,None,0,1,0,1,0,1,0,1,0,1,0,1,0,1,0,1,"M184V,L210W,T215Y",40,4,75,5,55,4,45,4,60,5,50,4,60,5,15,3,"K101E,G190A",10,2,60,5,60,5,25,3,90,5,60,5,NA,NA,NA,NA,NA,NA,NA,NA,NA,NA,NA,NA,HIVDB,10.2,2026-04-26,78,barcode78_tig00000001 len=1130 reads=207 class=contig suggestRepeat=no suggestBubble=no suggestCircular=no trim=0-1130,"PR,RT","M46L,I50L,I54V,V82A","L24I,Q58E",130,5,-10,1,60,5,85,5,75,5,110,5,65,5,35,4,"M41L,E44D,M184V,L210W,T215Y",90,5,115,5,95,5,80,5,75,5,80,5,75,5,55,4,"A98G,V108I,Y181C,G190A",55,4,110,5,100,5,65,5,165,5,100,5,NA,NA,NA,NA,NA,NA,NA,NA,NA,NA,NA,NA,HIVDB,10.2,2026-04-26,0.0
BC81_ref_V24_05_090,"PR,RT",None,None,0,1,0,1,0,1,0,1,0,1,0,1,0,1,0,1,"D67DG,K70R,M184MV,T215F,K219E",60,5,125,5,85,5,65,5,70,5,55,4,70,5,25,3,"V179T,Y181C,G190A",15,3,75,5,75,5,60,5,120,5,80,5,NA,NA,NA,NA,NA,NA,NA,NA,NA,NA,NA,NA,HIVDB,10.2,2026-04-26,81,barcode81_tig00000001 len=1292 reads=205 class=contig suggestRepeat=no suggestBubble=no suggestCircular=no trim=0-1292,"PR,RT",None,None,0,1,0,1,0,1,0,1,0,1,0,1,0,1,0,1,None,0,1,0,1,0,1,0,1,0,1,0,1,0,1,0,1,K103S,0,1,0,1,45,4,0,1,60,5,0,1,NA,NA,NA,NA,NA,NA,NA,NA,NA,NA,NA,NA,HIVDB,10.2,2026-04-26,0.0
BC82_ref_V24_05_091,"PR,RT",None,None,0,1,0,1,0,1,0,1,0,1,0,1,0,1,0,1,None,0,1,0,1,0,1,0,1,0,1,0,1,0,1,0,1,K103S,0,1,0,1,45,4,0,1,60,5,0,1,NA,NA,NA,NA,NA,NA,NA,NA,NA,NA,NA,NA,HIVDB,10.2,2026-04-26,82,barcode82_tig00000001 len=1226 reads=210 class=contig suggestRepeat=no suggestBubble=no suggestCircular=no trim=0-1226,"PR,RT",None,None,0,1,0,1,0,1,0,1,0,1,0,1,0,1,0,1,None,0,1,0,1,0,1,0,1,0,1,0,1,0,1,0,1,"A98G,Y181C",25,3,90,5,45,4,45,4,90,5,65,5,NA,NA,NA,NA,NA,NA,NA,NA,NA,NA,NA,NA,HIVDB,10.2,2026-04-26,0.0
BC83_ref_V24_05_092,"PR,RT",None,None,0,1,0,1,0,1,0,1,0,1,0,1,0,1,0,1,None,0,1,0,1,0,1,0,1,0,1,0,1,0,1,0,1,"A98G,Y181C",25,3,90,5,45,4,45,4,90,5,65,5,NA,NA,NA,NA,NA,NA,NA,NA,NA,NA,NA,NA,HIVDB,10.2,2026-04-26,83,barcode83_tig00000001 len=1209 reads=216 class=contig suggestRepeat=no suggestBubble=no suggestCircular=no trim=0-1209,"PR,RT",None,None,0,1,0,1,0,1,0,1,0,1,0,1,0,1,0,1,None,0,1,0,1,0,1,0,1,0,1,0,1,0,1,0,1,None,0,1,0,1,0,1,0,1,0,1,0,1,NA,NA,NA,NA,NA,NA,NA,NA,NA,NA,NA,NA,HIVDB,10.2,2026-04-26,0.0
BC84_ref_V24_05_093,"PR,RT",None,None,0,1,0,1,0,1,0,1,0,1,0,1,0,1,0,1,None,0,1,0,1,0,1,0,1,0,1,0,1,0,1,0,1,None,0,1,0,1,0,1,0,1,0,1,0,1,NA,NA,NA,NA,NA,NA,NA,NA,NA,NA,NA,NA,HIVDB,10.2,2026-04-26,84,barcode84_tig00000001 len=1194 reads=210 class=contig suggestRepeat=no suggestBubble=no suggestCircular=no trim=0-1194,"PR,RT",None,None,0,1,0,1,0,1,0,1,0,1,0,1,0,1,0,1,None,0,1,0,1,0,1,0,1,0,1,0,1,0,1,0,1,"A98G,G190A",15,3,45,4,55,4,20,3,90,5,35,4,NA,NA,NA,NA,NA,NA,NA,NA,NA,NA,NA,NA,HIVDB,10.2,2026-04-26,0.0
BC85_ref_V24_05_094,"PR,RT",None,None,0,1,0,1,0,1,0,1,0,1,0,1,0,1,0,1,None,0,1,0,1,0,1,0,1,0,1,0,1,0,1,0,1,"A98G,G190A",15,3,45,4,55,4,20,3,90,5,35,4,NA,NA,NA,NA,NA,NA,NA,NA,NA,NA,NA,NA,HIVDB,10.2,2026-04-26,85,barcode85_tig00000001 len=1157 reads=215 class=contig suggestRepeat=no suggestBubble=no suggestCircular=no trim=0-1157,"PR,RT",None,None,0,1,0,1,0,1,0,1,0,1,0,1,0,1,0,1,None,0,1,0,1,0,1,0,1,0,1,0,1,0,1,0,1,None,0,1,0,1,0,1,0,1,0,1,0,1,NA,NA,NA,NA,NA,NA,NA,NA,NA,NA,NA,NA,HIVDB,10.2,2026-04-26,0.0
BC86_ref_V24_05_095,"PR,RT",None,None,0,1,0,1,0,1,0,1,0,1,0,1,0,1,0,1,None,0,1,0,1,0,1,0,1,0,1,0,1,0,1,0,1,"K103N,E138A",0,1,15,3,60,5,10,2,60,5,10,2,NA,NA,NA,NA,NA,NA,NA,NA,NA,NA,NA,NA,HIVDB,10.2,2026-04-26,86,barcode86_tig00000001 len=1153 reads=219 class=contig suggestRepeat=no suggestBubble=no suggestCircular=no trim=0-1153,"PR,RT",None,None,0,1,0,1,0,1,0,1,0,1,0,1,0,1,0,1,None,0,1,0,1,0,1,0,1,0,1,0,1,0,1,0,1,"K103N,E138A",0,1,15,3,60,5,10,2,60,5,10,2,NA,NA,NA,NA,NA,NA,NA,NA,NA,NA,NA,NA,HIVDB,10.2,2026-04-26,0.0
BC87_ref_V24_05_096,"PR,RT",None,None,0,1,0,1,0,1,0,1,0,1,0,1,0,1,0,1,None,0,1,0,1,0,1,0,1,0,1,0,1,0,1,0,1,K103N,0,1,0,1,60,5,0,1,60,5,0,1,NA,NA,NA,NA,NA,NA,NA,NA,NA,NA,NA,NA,HIVDB,10.2,2026-04-26,87,barcode87_tig00000001 len=1176 reads=212 class=contig suggestRepeat=no suggestBubble=no suggestCircular=no trim=0-1176,"PR,RT",None,None,0,1,0,1,0,1,0,1,0,1,0,1,0,1,0,1,None,0,1,0,1,0,1,0,1,0,1,0,1,0,1,0,1,K103N,0,1,0,1,60,5,0,1,60,5,0,1,NA,NA,NA,NA,NA,NA,NA,NA,NA,NA,NA,NA,HIVDB,10.2,2026-04-26,0.0
BC88_ref_V24_05_097,"PR,RT",None,None,0,1,0,1,0,1,0,1,0,1,0,1,0,1,0,1,None,0,1,0,1,0,1,0,1,0,1,0,1,0,1,0,1,"K103N,E138A",0,1,15,3,60,5,10,2,60,5,10,2,NA,NA,NA,NA,NA,NA,NA,NA,NA,NA,NA,NA,HIVDB,10.2,2026-04-26,88,barcode88_tig00000001 len=1129 reads=215 class=contig suggestRepeat=no suggestBubble=no suggestCircular=no trim=0-1129,"PR,RT",None,None,0,1,0,1,0,1,0,1,0,1,0,1,0,1,0,1,None,0,1,0,1,0,1,0,1,0,1,0,1,0,1,0,1,"K103N,E138A",0,1,15,3,60,5,10,2,60,5,10,2,NA,NA,NA,NA,NA,NA,NA,NA,NA,NA,NA,NA,HIVDB,10.2,2026-04-26,0.0
BC89_ref_V24_05_098,"PR,RT",None,None,0,1,0,1,0,1,0,1,0,1,0,1,0,1,0,1,M184V,15,3,-10,1,-10,1,10,2,60,5,30,4,60,5,-10,1,"K103N,V108I",5,1,5,1,70,5,0,1,75,5,5,1,NA,NA,NA,NA,NA,NA,NA,NA,NA,NA,NA,NA,HIVDB,10.2,2026-04-26,89,barcode89_tig00000001 len=1180 reads=198 class=contig suggestRepeat=no suggestBubble=no suggestCircular=no trim=0-1180,"PR,RT",None,None,0,1,0,1,0,1,0,1,0,1,0,1,0,1,0,1,M184V,15,3,-10,1,-10,1,10,2,60,5,30,4,60,5,-10,1,"K103N,V108I",5,1,5,1,70,5,0,1,75,5,5,1,NA,NA,NA,NA,NA,NA,NA,NA,NA,NA,NA,NA,HIVDB,10.2,2026-04-26,0.0
BC90_ref_V24_05_099,"PR,RT",None,None,0,1,0,1,0,1,0,1,0,1,0,1,0,1,0,1,M184V,15,3,-10,1,-10,1,10,2,60,5,30,4,60,5,-10,1,K103N,0,1,0,1,60,5,0,1,60,5,0,1,NA,NA,NA,NA,NA,NA,NA,NA,NA,NA,NA,NA,HIVDB,10.2,2026-04-26,90,barcode90_tig00000001 len=1293 reads=213 class=contig suggestRepeat=no suggestBubble=no suggestCircular=no trim=0-1293,"PR,RT",None,None,0,1,0,1,0,1,0,1,0,1,0,1,0,1,0,1,M184V,15,3,-10,1,-10,1,10,2,60,5,30,4,60,5,-10,1,K103N,0,1,0,1,60,5,0,1,60,5,0,1,NA,NA,NA,NA,NA,NA,NA,NA,NA,NA,NA,NA,HIVDB,10.2,2026-04-26,0.0
BC91_ref_V24_05_100,"PR,RT","I54IV,V82VA",None,40,4,0,1,35,4,55,4,55,4,60,5,40,4,20,3,"K70KR,M184V",20,3,20,3,5,1,20,3,60,5,35,4,60,5,-5,1,E138A,0,1,15,3,0,1,10,2,0,1,10,2,NA,NA,NA,NA,NA,NA,NA,NA,NA,NA,NA,NA,HIVDB,10.2,2026-04-26,91,barcode91_tig00000001 len=1220 reads=209 class=contig suggestRepeat=no suggestBubble=no suggestCircular=no trim=0-1220,"PR,RT",I54V,None,15,3,0,1,10,2,15,3,15,3,20,3,15,3,20,3,"K70R,M184V",20,3,20,3,5,1,20,3,60,5,35,4,60,5,-5,1,E138A,0,1,15,3,0,1,10,2,0,1,10,2,NA,NA,NA,NA,NA,NA,NA,NA,NA,NA,NA,NA,HIVDB,10.2,2026-04-26,0.0
BC92_ref_V24_05_101,"PR,RT",None,None,0,1,0,1,0,1,0,1,0,1,0,1,0,1,0,1,None,0,1,0,1,0,1,0,1,0,1,0,1,0,1,0,1,None,0,1,0,1,0,1,0,1,0,1,0,1,NA,NA,NA,NA,NA,NA,NA,NA,NA,NA,NA,NA,HIVDB,10.2,2026-04-26,92,barcode92_tig00000001 len=1160 reads=217 class=contig suggestRepeat=no suggestBubble=no suggestCircular=no trim=0-1160,"PR,RT",None,None,0,1,0,1,0,1,0,1,0,1,0,1,0,1,0,1,None,0,1,0,1,0,1,0,1,0,1,0,1,0,1,0,1,None,0,1,0,1,0,1,0,1,0,1,0,1,NA,NA,NA,NA,NA,NA,NA,NA,NA,NA,NA,NA,HIVDB,10.2,2026-04-26,0.0
BC93_ref_V24_05_102,"PR,RT",None,None,0,1,0,1,0,1,0,1,0,1,0,1,0,1,0,1,M184V,15,3,-10,1,-10,1,10,2,60,5,30,4,60,5,-10,1,"K101P,Y232H",5,1,65,5,60,5,45,4,60,5,65,5,NA,NA,NA,NA,NA,NA,NA,NA,NA,NA,NA,NA,HIVDB,10.2,2026-04-26,93,barcode93_tig00000001 len=1187 reads=214 class=contig suggestRepeat=no suggestBubble=no suggestCircular=no trim=0-1187,"PR,RT",None,None,0,1,0,1,0,1,0,1,0,1,0,1,0,1,0,1,M184V,15,3,-10,1,-10,1,10,2,60,5,30,4,60,5,-10,1,"K101P,Y232H",5,1,65,5,60,5,45,4,60,5,65,5,NA,NA,NA,NA,NA,NA,NA,NA,NA,NA,NA,NA,HIVDB,10.2,2026-04-26,0.0
BC94_ref_V24_05_103,"PR,RT",None,None,0,1,0,1,0,1,0,1,0,1,0,1,0,1,0,1,"M41L,E44D,V75M,M184V,L210W,T215Y",90,5,125,5,125,5,95,5,75,5,80,5,75,5,55,4,"K101P,G190A",5,1,75,5,105,5,55,4,120,5,75,5,NA,NA,NA,NA,NA,NA,NA,NA,NA,NA,NA,NA,HIVDB,10.2,2026-04-26,94,barcode94_tig00000001 len=1129 reads=133 class=contig suggestRepeat=no suggestBubble=no suggestCircular=no trim=0-1129,"PR,RT",None,None,0,1,0,1,0,1,0,1,0,1,0,1,0,1,0,1,"M41L,E44D,V75M,M184V,L210W,T215Y",90,5,125,5,125,5,95,5,75,5,80,5,75,5,55,4,"K101P,G190A",5,1,75,5,105,5,55,4,120,5,75,5,NA,NA,NA,NA,NA,NA,NA,NA,NA,NA,NA,NA,HIVDB,10.2,2026-04-26,0.0
BC95_ref_V24_05_104,"PR,RT",None,None,0,1,0,1,0,1,0,1,0,1,0,1,0,1,0,1,None,0,1,0,1,0,1,0,1,0,1,0,1,0,1,0,1,None,0,1,0,1,0,1,0,1,0,1,0,1,NA,NA,NA,NA,NA,NA,NA,NA,NA,NA,NA,NA,HIVDB,10.2,2026-04-26,95,barcode95_tig00000001 len=1130 reads=213 class=contig suggestRepeat=no suggestBubble=no suggestCircular=no trim=0-1130,"PR,RT",None,None,0,1,0,1,0,1,0,1,0,1,0,1,0,1,0,1,None,0,1,0,1,0,1,0,1,0,1,0,1,0,1,0,1,None,0,1,0,1,0,1,0,1,0,1,0,1,NA,NA,NA,NA,NA,NA,NA,NA,NA,NA,NA,NA,HIVDB,10.2,2026-04-26,0.0
BC96_ref_V24_05_105,"PR,RT",None,None,0,1,0,1,0,1,0,1,0,1,0,1,0,1,0,1,M184MV,15,3,-10,1,-10,1,10,2,60,5,30,4,60,5,-10,1,Y188L,60,5,60,5,60,5,15,3,60,5,60,5,NA,NA,NA,NA,NA,NA,NA,NA,NA,NA,NA,NA,HIVDB,10.2,2026-04-26,96,barcode96_tig00000001 len=1206 reads=3170 class=contig suggestRepeat=no suggestBubble=no suggestCircular=no trim=0-1206,"PR,RT",None,None,0,1,0,1,0,1,0,1,0,1,0,1,0,1,0,1,M184V,15,3,-10,1,-10,1,10,2,60,5,30,4,60,5,-10,1,Y188L,60,5,60,5,60,5,15,3,60,5,60,5,NA,NA,NA,NA,NA,NA,NA,NA,NA,NA,NA,NA,HIVDB,10.2,2026-04-26,0.0
