mode,sample,label,level_numeric,n_reads,ref_len,n_sites_used,mean_depth,mean_shannon,mean_norm_shannon,mean_pi,n_variable_sites_1pct,n_variable_sites_2pct,n_variable_sites_5pct,n_variable_sites_20pct
percent,barcode01,0p5pct,0.5,193,1130,1128,171.59840425531914,0.06049530589429864,0.008205829629625072,0.017577903329648436,235,74,21,9
percent,barcode01,10pct,10.0,3898,1130,1129,3407.218777679362,0.06789301499014981,0.0058099805279735435,0.01778428472010779,149,65,19,10
percent,barcode01,1pct,1.0,405,1130,1128,352.3723404255319,0.0635309877789607,0.007538265578386462,0.017725413485814943,182,75,20,9
percent,barcode01,20pct,20.0,7909,1130,1129,6923.672276350753,0.06719831175391779,0.005286207133666061,0.0175090616805682,141,63,19,10
percent,barcode01,2pct,2.0,811,1130,1128,710.0567375886525,0.06605771511434429,0.007013595637248238,0.01789602240580743,169,73,20,9
percent,barcode01,40pct,40.0,15704,1130,1129,13742.806023029229,0.06634036348370435,0.004841485347890915,0.0171959980164605,139,57,19,10
percent,barcode01,5pct,5.0,2019,1130,1129,1769.3746678476527,0.06785213959327495,0.006313854456988061,0.017917320525190704,161,73,19,10
percent,barcode02,0p5pct,0.5,96,1158,1129,80.62621789193977,0.07063384715973127,0.011236858447928195,0.023079107038347715,422,172,54,11
percent,barcode02,10pct,10.0,2001,1158,1158,1673.4032815198618,0.0771042991783993,0.007332101339465763,0.021356900434293988,201,114,37,9
percent,barcode02,1pct,1.0,175,1158,1158,145.58031088082902,0.06813474232481224,0.009472116619524028,0.021087313752835353,249,121,43,12
percent,barcode02,20pct,20.0,3953,1158,1158,3301.4119170984454,0.07879851290830797,0.006870162264448256,0.021602827459502406,198,116,35,9
percent,barcode02,2pct,2.0,363,1158,1158,301.8609671848014,0.0799262350854071,0.009753431716979186,0.023616986903466117,239,141,47,10
percent,barcode02,40pct,40.0,7887,1158,1158,6588.529360967184,0.08007387212446798,0.006425849569069934,0.021840570618733752,195,118,34,9
percent,barcode02,5pct,5.0,949,1158,1158,791.8436960276339,0.07486393587487306,0.00783784221057689,0.021142372085438673,191,118,39,9
percent,barcode03,0p5pct,0.5,110,1224,1223,89.12346688470973,0.09397775293155945,0.016252811566178693,0.03229561638459053,376,190,87,21
percent,barcode03,10pct,10.0,2018,1224,1223,1582.4006541291906,0.09380464138487185,0.009519382983422111,0.027705716137574273,273,155,61,16
percent,barcode03,1pct,1.0,212,1224,1223,169.29108748977924,0.09148642083837544,0.013650623553687983,0.02973092231655962,336,157,86,18
percent,barcode03,20pct,20.0,4120,1224,1223,3238.7162714636142,0.09760783533771515,0.008960236467926123,0.028538206529842805,284,154,63,17
percent,barcode03,2pct,2.0,423,1224,1223,336.0163532297629,0.0909333091018223,0.011730203934257907,0.028116863124263394,278,158,60,16
percent,barcode03,40pct,40.0,8262,1224,1223,6491.080948487326,0.09669380982897963,0.00808689346445795,0.0279795860324643,279,146,61,17
percent,barcode03,5pct,5.0,985,1224,1223,771.3131643499592,0.09145887024498404,0.010280671317212097,0.027483810198907596,272,157,60,17
percent,barcode04,0p5pct,0.5,104,1187,1153,85.95143104943625,0.09903281228673579,0.01583877040081584,0.03414101503138191,511,222,86,27
percent,barcode04,10pct,10.0,1867,1187,1186,1489.8785834738617,0.12947797909185688,0.013253809212188317,0.04177781816530923,340,216,107,36
percent,barcode04,1pct,1.0,206,1187,1157,166.92653414001728,0.10620898041675526,0.01523406162527035,0.035313588009605094,373,189,86,30
percent,barcode04,20pct,20.0,3767,1187,1186,3002.9342327150084,0.1314594333383121,0.012219559000543577,0.042156329860059266,339,214,106,36
percent,barcode04,2pct,2.0,398,1187,1186,313.06323777403037,0.11305344992779127,0.015530852606968553,0.0378514444621162,339,184,94,32
percent,barcode04,40pct,40.0,7703,1187,1186,6150.518549747049,0.1315173455523364,0.011148537135538865,0.04197990028111979,338,209,105,36
percent,barcode04,5pct,5.0,924,1187,1186,728.5876897133221,0.12122960641827085,0.014102209702043966,0.03973086611478036,327,193,96,37
percent,barcode05,0p5pct,0.5,125,1158,1155,99.2025974025974,0.08294103836688337,0.012445961770597461,0.02712537629038428,348,166,68,17
percent,barcode05,10pct,10.0,2111,1158,1158,1711.8169257340242,0.09668059218003149,0.009069563412263212,0.028441528202083635,268,138,61,19
percent,barcode05,1pct,1.0,232,1158,1158,184.35837651122625,0.08454620037530484,0.011219035578318022,0.026361211318855746,265,142,60,18
percent,barcode05,20pct,20.0,4157,1158,1158,3361.7677029360966,0.09646621040385359,0.008292789657626577,0.027941379922899405,249,139,60,19
percent,barcode05,2pct,2.0,444,1158,1158,356.79274611398966,0.09536026197870175,0.011386843238001623,0.029208822456515092,280,152,68,18
percent,barcode05,40pct,40.0,8309,1158,1158,6723.032815198619,0.09799347787061001,0.0077558614493509455,0.028349896227717886,255,149,60,19
percent,barcode05,5pct,5.0,1072,1158,1158,869.3264248704663,0.09753389104702184,0.010078652790242145,0.029083494279791018,265,155,63,19
percent,barcode06,0p5pct,0.5,137,1130,1128,120.87588652482269,0.06356704523792629,0.009350290342665149,0.019411899245226117,203,123,19,10
percent,barcode06,10pct,10.0,3029,1130,1129,2616.563330380868,0.07394412907421356,0.006549349855564141,0.019951759363943864,175,106,23,10
percent,barcode06,1pct,1.0,299,1130,1129,261.33835252435784,0.0739831580918534,0.009310562967427723,0.02178492939654177,263,137,40,10
percent,barcode06,20pct,20.0,6116,1130,1130,5276.699115044248,0.07348819653861352,0.005964467045939507,0.019632620300267224,167,102,20,10
percent,barcode06,2pct,2.0,599,1130,1129,516.4198405668733,0.07812471972196677,0.008742041775789935,0.022306613486351726,229,126,43,10
percent,barcode06,40pct,40.0,12320,1130,1130,10636.930973451328,0.07407507892373705,0.005557105819469372,0.01974331464798449,169,101,20,10
percent,barcode06,5pct,5.0,1470,1130,1129,1267.1018600531443,0.07772516983062254,0.007592189728073467,0.02146660605778665,196,117,34,10
percent,barcode07,0p5pct,0.5,60,1148,1141,50.186678352322524,0.06162256464818587,0.010992616459751903,0.02125568925368186,292,174,49,11
percent,barcode07,10pct,10.0,1295,1148,1148,1074.5174216027874,0.0863568404194404,0.008632987130767732,0.02451589829943181,227,124,45,10
percent,barcode07,1pct,1.0,126,1148,1148,104.66811846689896,0.07114041555578533,0.010641869329810977,0.022823876967404646,236,129,46,14
percent,barcode07,20pct,20.0,2668,1148,1148,2203.322299651568,0.09170853503728968,0.008300834200994258,0.025906093298607095,234,127,47,10
percent,barcode07,2pct,2.0,267,1148,1148,223.11498257839722,0.07572698301781443,0.009843160703076165,0.02299062077482993,221,131,45,11
percent,barcode07,40pct,40.0,5290,1148,1148,4378.08362369338,0.09163116553045199,0.007607951102059563,0.02571340487755549,227,122,45,10
percent,barcode07,5pct,5.0,643,1148,1148,534.3022648083623,0.08634951110280953,0.009652053193397833,0.02497811616805661,246,130,46,11
percent,barcode08,0p5pct,0.5,147,1130,1128,127.76152482269504,0.09225744187065085,0.013250393664409933,0.032415212436717376,248,179,71,33
percent,barcode08,10pct,10.0,2614,1130,1129,2263.0132860938884,0.11399785370432193,0.010243215386084484,0.03654750842093144,265,170,86,37
percent,barcode08,1pct,1.0,276,1130,1129,238.83790965456157,0.10200309747596031,0.01294748831325655,0.03426472427837908,282,165,74,34
percent,barcode08,20pct,20.0,5232,1130,1129,4548.647475642161,0.11343249600447863,0.009345985527225464,0.03615528006938987,260,171,82,36
percent,barcode08,2pct,2.0,525,1130,1129,454.7307351638618,0.10621914465376901,0.012051420698292663,0.03483583382884642,268,150,77,36
percent,barcode08,40pct,40.0,10281,1130,1129,8922.437555358725,0.1139513837489466,0.008693302465370681,0.03623813774523776,262,169,82,35
percent,barcode08,5pct,5.0,1343,1130,1129,1157.852967227635,0.10912661995331208,0.010739482454661782,0.0351712722832414,263,159,74,36
percent,barcode10,0p5pct,0.5,93,1226,1131,77.83908045977012,0.109902550023915,0.017587436525871587,0.036720600896376035,500,282,116,8
percent,barcode10,10pct,10.0,1360,1226,1225,1053.002448979592,0.11719151274938473,0.012289041680100529,0.034887101582006745,393,236,97,11
percent,barcode10,1pct,1.0,148,1226,1213,115.7633965375103,0.10493386127759328,0.01633710404590594,0.034841397458776555,354,255,107,15
percent,barcode10,20pct,20.0,2664,1226,1226,2050.324632952692,0.11826578995365955,0.0113592027510948,0.03480284520187158,373,231,97,11
percent,barcode10,2pct,2.0,255,1226,1225,198.18775510204082,0.11268488466182884,0.016042420527420432,0.036307331714246334,384,248,120,14
percent,barcode10,40pct,40.0,5392,1226,1226,4172.712887438825,0.11895210384975424,0.010391808942622337,0.034690925236025294,380,229,95,10
percent,barcode10,5pct,5.0,667,1226,1225,516.6351020408164,0.11414910878659755,0.013426425076373278,0.0346809592192243,374,244,111,10
percent,barcode12,0p5pct,0.5,76,1247,1201,63.071606994171525,0.07059895346685274,0.012436503308546346,0.02447541094700037,387,160,64,16
percent,barcode12,10pct,10.0,1567,1247,1246,1192.7568218298554,0.09225416494324279,0.010023793865602818,0.026873658696767635,307,161,51,15
percent,barcode12,1pct,1.0,157,1247,1201,126.47210657785179,0.08433146195719565,0.01311664949320457,0.027703166037458673,300,174,76,16
percent,barcode12,20pct,20.0,3226,1247,1246,2459.553772070626,0.09157965487952777,0.008884792856728179,0.026105993995660846,289,150,43,14
percent,barcode12,2pct,2.0,312,1247,1246,241.80256821829855,0.0939109847622844,0.014689890060439633,0.03080106835459215,326,197,88,21
percent,barcode12,40pct,40.0,6401,1247,1246,4887.091492776886,0.09505108932831453,0.008384971413705844,0.026884911806602137,302,156,46,15
percent,barcode12,5pct,5.0,748,1247,1246,568.4879614767256,0.0945506564527359,0.01158758833766791,0.028555293050416576,314,188,74,13
percent,barcode13,0p5pct,0.5,133,1155,1154,112.23310225303292,0.07126444237922121,0.010483057791957882,0.021909928233805918,268,158,29,11
percent,barcode13,10pct,10.0,3000,1155,1154,2517.639514731369,0.08599491157576654,0.007645722139839759,0.02380595332440056,236,135,36,11
percent,barcode13,1pct,1.0,295,1155,1154,252.30415944540727,0.07893456881452363,0.009872366216694512,0.023127048918920447,287,142,30,11
percent,barcode13,20pct,20.0,6090,1155,1155,5101.404329004329,0.08568338134478995,0.007008164121623816,0.023455652484617822,234,134,34,11
percent,barcode13,2pct,2.0,574,1155,1154,484.29289428076254,0.081532170624145,0.009122179962778443,0.02307052500081022,250,134,28,11
percent,barcode13,40pct,40.0,12150,1155,1155,10154.91341991342,0.085179369311053,0.006434842445616641,0.02323529278419014,227,131,32,11
percent,barcode13,5pct,5.0,1457,1155,1154,1227.4523396880415,0.08511726222630468,0.008328521721271303,0.023810338714023247,242,144,36,11
percent,barcode14,0p5pct,0.5,117,1130,1129,99.91939769707706,0.09157076495005484,0.013843192637318435,0.029327417281955516,366,196,76,12
percent,barcode14,10pct,10.0,2292,1130,1129,1941.8255093002658,0.1006316742692572,0.009244441401832743,0.0289403097489873,271,171,71,15
percent,barcode14,1pct,1.0,235,1130,1129,200.73427812223207,0.10448548350548026,0.013711001841042663,0.03222662711584855,338,190,80,14
percent,barcode14,20pct,20.0,4529,1130,1129,3834.289636846767,0.10135815279301427,0.008537948662552124,0.028899814930119574,280,168,67,13
percent,barcode14,2pct,2.0,463,1130,1129,391.748449955713,0.09875112254968073,0.011501483962579946,0.029300270932477567,300,173,66,13
percent,barcode14,40pct,40.0,9116,1130,1129,7714.0752878653675,0.1021801559210757,0.007932502475034065,0.02913846872274179,276,169,67,13
percent,barcode14,5pct,5.0,1151,1130,1129,973.9061116031886,0.09802620129210454,0.009903227435115538,0.028408022633045992,281,157,64,14
percent,barcode15,0p5pct,0.5,127,1169,1168,109.17465753424658,0.07765791821125076,0.011630770132747376,0.024592222853576387,238,142,69,10
percent,barcode15,10pct,10.0,2784,1169,1168,2357.535102739726,0.07692290690903612,0.007036039639804386,0.020921950560638582,198,113,30,10
percent,barcode15,1pct,1.0,280,1169,1168,241.486301369863,0.07445554624300771,0.009923627899789808,0.02230509049351723,228,125,54,10
percent,barcode15,20pct,20.0,5595,1169,1168,4737.563356164384,0.07737991842370603,0.006491393264587123,0.02089402488901615,193,106,31,10
percent,barcode15,2pct,2.0,603,1169,1168,514.5710616438356,0.07498566108199614,0.008656835735235006,0.02141603657937365,208,126,41,10
percent,barcode15,40pct,40.0,11352,1169,1168,9601.819349315068,0.07743639697721297,0.005971138456544781,0.020821031786854273,186,106,31,10
percent,barcode15,5pct,5.0,1372,1169,1168,1162.2388698630136,0.07626377965804237,0.00771519470481371,0.021096013270305036,197,118,36,10
percent,barcode16,0p5pct,0.5,147,1169,1159,119.49266609145815,0.0805537470940464,0.011666275444197042,0.02511331846041044,268,164,56,9
percent,barcode16,10pct,10.0,2850,1169,1169,2342.923866552609,0.09520256293740413,0.008775673270420734,0.02686621526062598,281,157,55,9
percent,barcode16,1pct,1.0,292,1169,1159,237.98878343399483,0.09184843620616832,0.011943824775392835,0.027908226823572538,327,166,67,10
percent,barcode16,20pct,20.0,5573,1169,1169,4583.299401197605,0.09176781749900907,0.007693629656709654,0.025495920176368647,268,142,48,9
percent,barcode16,2pct,2.0,571,1169,1159,471.2036238136324,0.09037143669354405,0.010405806704423043,0.02639470609451527,294,150,60,9
percent,barcode16,40pct,40.0,10992,1169,1169,9063.633875106929,0.09382577527842026,0.00726001291934007,0.025983288161169904,270,145,50,10
percent,barcode16,5pct,5.0,1430,1169,1168,1178.2816780821918,0.09361042172655229,0.009404179630306217,0.026734809830795694,285,156,56,10
percent,barcode17,0p5pct,0.5,116,1298,1285,84.84124513618677,0.12839797307948203,0.02884292986834825,0.05112602562173492,508,310,146,55
percent,barcode17,10pct,10.0,2060,1298,1298,1519.0916795069338,0.12451322221263028,0.013192154139875097,0.03944716738571682,396,255,123,29
percent,barcode17,1pct,1.0,229,1298,1295,171.75907335907337,0.12339291733727946,0.020880847192115706,0.04396248585599575,416,249,142,36
percent,barcode17,20pct,20.0,4176,1298,1298,3078.8143297380584,0.13254741343196025,0.012758973980668515,0.041662688877956475,401,271,130,29
percent,barcode17,2pct,2.0,424,1298,1298,312.60785824345146,0.12286554397025888,0.017202777298762142,0.04150380266735914,385,259,156,33
percent,barcode17,40pct,40.0,8290,1298,1298,6138.361325115562,0.13273958365697916,0.011696904270464875,0.04144945768929583,401,260,127,29
percent,barcode17,5pct,5.0,1072,1298,1298,788.4491525423729,0.12328614646041774,0.014347599970095017,0.0397686866380837,386,271,125,29
percent,barcode20,0p5pct,0.5,53,1169,1136,43.40492957746479,0.03643052093353952,0.006631068097282308,0.011055022717558927,231,104,7,2
percent,barcode20,10pct,10.0,994,1169,1168,809.9118150684932,0.04670471099810645,0.005184335598050748,0.011094338641274362,108,21,8,2
percent,barcode20,1pct,1.0,102,1169,1156,82.48442906574394,0.03710662854393194,0.005758530884746877,0.010355684557507325,336,83,4,2
percent,barcode20,20pct,20.0,2003,1169,1168,1640.4674657534247,0.05268170574864553,0.005303224483230626,0.012338315610887366,137,34,6,2
percent,barcode20,2pct,2.0,206,1169,1160,167.46896551724137,0.0362252925281587,0.004988729730556738,0.009327063301188043,148,23,4,2
percent,barcode20,40pct,40.0,4039,1169,1168,3308.220890410959,0.054028454381095076,0.004855154607860775,0.012386237595856798,123,39,5,2
percent,barcode20,5pct,5.0,506,1169,1168,410.98801369863014,0.04532099242149528,0.005587279687977933,0.011198024939737549,130,18,8,2
percent,barcode21,0p5pct,0.5,169,1128,1128,146.02393617021278,0.07928083743128009,0.011087436594400908,0.024278388457731497,293,138,36,12
percent,barcode21,10pct,10.0,3304,1128,1128,2858.9867021276596,0.08626910511484506,0.007546036251631898,0.024039136438134687,208,124,37,13
percent,barcode21,1pct,1.0,322,1128,1128,275.97251773049646,0.08767874255925101,0.010871411435220142,0.026027742997710265,262,144,46,13
percent,barcode21,20pct,20.0,6656,1128,1128,5754.939716312057,0.08716351460629414,0.0070050468522361254,0.02428645563541449,212,126,36,14
percent,barcode21,2pct,2.0,651,1128,1128,558.6941489361702,0.08257473498414514,0.009093910824769002,0.023641310972112504,225,124,35,13
percent,barcode21,40pct,40.0,13159,1128,1128,11367.995567375887,0.08746646316189728,0.00651504699087433,0.024337046810206722,208,125,38,14
percent,barcode21,5pct,5.0,1668,1128,1128,1434.5682624113474,0.08521120408073646,0.008168103073712032,0.023891403722349696,215,120,40,14
percent,barcode29,0p5pct,0.5,47,1157,1136,42.271126760563384,0.06438033351059065,0.011961110178787818,0.023232121962464793,270,270,55,17
percent,barcode29,10pct,10.0,932,1157,1157,795.4701815038894,0.09035785438299217,0.00950257394074138,0.02683857029840284,251,128,54,21
percent,barcode29,1pct,1.0,105,1157,1157,92.18582541054451,0.084171486588305,0.012827561818233812,0.028163786244432065,426,198,75,21
percent,barcode29,20pct,20.0,1858,1157,1157,1569.1391529818495,0.0891582292574959,0.008483880277594724,0.025975134948622604,232,116,51,19
percent,barcode29,2pct,2.0,199,1157,1157,173.42350907519446,0.08569931822227539,0.011577433323393949,0.026950895137751837,330,136,58,19
percent,barcode29,40pct,40.0,3732,1157,1157,3146.751944684529,0.09072150344674407,0.007858896789712801,0.026242358722556678,224,123,51,19
percent,barcode29,5pct,5.0,471,1157,1157,404.85652549697494,0.08697314158390507,0.010085995500150897,0.02629910777753974,244,123,56,19
percent,barcode30,0p5pct,0.5,189,1287,1128,168.37677304964538,0.08438858676123875,0.01145350985307879,0.025243479330614833,317,145,45,11
percent,barcode30,10pct,10.0,3666,1287,1286,2795.5629860031104,0.09582996469905312,0.009507541863037112,0.026997473517178478,313,172,50,11
percent,barcode30,1pct,1.0,367,1287,1284,284.99376947040497,0.09033247932453177,0.015690280754375487,0.03007941469647318,283,155,64,28
percent,barcode30,20pct,20.0,7265,1287,1286,5544.95800933126,0.09252253154418628,0.008211755167870687,0.02547973392922125,294,157,39,10
percent,barcode30,2pct,2.0,755,1287,1284,580.8676012461059,0.08981541168094731,0.012790579133779739,0.027679119752584767,273,154,69,11
percent,barcode30,40pct,40.0,14781,1287,1286,11267.289269051322,0.09469858476530155,0.007752927702425365,0.025999323619750887,288,157,41,10
percent,barcode30,5pct,5.0,1830,1287,1286,1392.7278382581649,0.0968315149372208,0.010814342545479819,0.027910690181522334,305,192,64,11
percent,barcode32,0p5pct,0.5,76,1238,1237,59.73080032336298,0.0888293080068047,0.01783748167386477,0.03201157757287645,449,201,113,28
percent,barcode32,10pct,10.0,1858,1238,1237,1390.1794664510915,0.11211012177497606,0.011554516201981089,0.03331471144148239,368,219,99,12
percent,barcode32,1pct,1.0,173,1238,1237,132.4389652384802,0.09499153095962351,0.014956600868513442,0.03086027860098362,354,215,103,12
percent,barcode32,20pct,20.0,3658,1238,1237,2744.6531932093776,0.11451394640551926,0.010665834499394228,0.033743410822422805,350,215,100,12
percent,barcode32,2pct,2.0,360,1238,1237,274.24090541632984,0.1017156017264389,0.013944956058386236,0.031830882770369266,335,214,114,13
percent,barcode32,40pct,40.0,7296,1238,1237,5467.54567502021,0.11702210696402955,0.00992699601628664,0.034411842513755904,353,220,103,12
percent,barcode32,5pct,5.0,904,1238,1237,681.7251414713015,0.10688288894006591,0.012158832740459903,0.03224466676170182,343,228,98,13
percent,barcode33,0p5pct,0.5,204,1296,1207,163.17398508699253,0.08759662965461118,0.018473444230517257,0.03180304378471957,350,168,60,27
percent,barcode33,10pct,10.0,4367,1296,1296,3300.0293209876545,0.09337094903921374,0.00953487630209912,0.026598313460522084,318,177,56,11
percent,barcode33,1pct,1.0,425,1296,1295,319.43166023166026,0.09790155559051689,0.022284480099815533,0.037230520022580045,310,175,83,47
percent,barcode33,20pct,20.0,8691,1296,1296,6564.974537037037,0.09213941155377589,0.008527249421276265,0.025681189961689697,295,161,48,10
percent,barcode33,2pct,2.0,832,1296,1296,630.8148148148148,0.08790751366828789,0.012317112554916883,0.026949132887952424,277,163,78,16
percent,barcode33,40pct,40.0,17301,1296,1296,13089.393518518518,0.0908458371150187,0.007618996490968583,0.02499192397770297,284,151,48,10
percent,barcode33,5pct,5.0,2193,1296,1296,1660.599537037037,0.08819068014503903,0.009978633110436482,0.0254545944160916,285,175,56,11
percent,barcode34,0p5pct,0.5,76,1211,1207,57.207953603976804,0.10424651472535713,0.01894295179588582,0.037204668917895874,472,226,133,22
percent,barcode34,10pct,10.0,1644,1211,1210,1246.813223140496,0.11548800929808707,0.011624606933797098,0.03477282643265537,348,221,99,15
percent,barcode34,1pct,1.0,157,1211,1210,118.9297520661157,0.12097941154335573,0.018131995532746924,0.04104738223910105,368,261,149,19
percent,barcode34,20pct,20.0,3229,1211,1210,2445.5479338842974,0.11418466099189427,0.010498670509913502,0.0338486355172625,339,211,97,15
percent,barcode34,2pct,2.0,336,1211,1210,252.80082644628098,0.11542360915332762,0.015181202557499234,0.03737315910799041,371,252,116,18
percent,barcode34,40pct,40.0,6408,1211,1210,4852.596694214876,0.11465438932127411,0.009644533732978487,0.033780718692238115,339,205,93,15
percent,barcode34,5pct,5.0,816,1211,1210,611.0528925619835,0.11517414045371112,0.012930928499415212,0.035495809004613355,366,230,105,16
percent,barcode35,0p5pct,0.5,139,1165,1126,122.14209591474246,0.07077919692037207,0.010554554283001623,0.021923949000496115,214,120,40,13
percent,barcode35,10pct,10.0,2702,1165,1165,2290.283261802575,0.09227586952474977,0.00843697113035213,0.026086243558267577,246,151,66,11
percent,barcode35,1pct,1.0,270,1165,1157,228.8219533275713,0.07497700923110594,0.009730702049987291,0.02218292253758535,235,117,39,11
percent,barcode35,20pct,20.0,5340,1165,1165,4529.512446351931,0.09239626358910463,0.007820869867979254,0.025853216557522846,246,145,60,11
percent,barcode35,2pct,2.0,536,1165,1165,455.2454935622318,0.0858459690762753,0.00995179534171423,0.024829128354807124,263,131,47,11
percent,barcode35,40pct,40.0,10581,1165,1165,8961.405150214592,0.09390263068583812,0.007339616198247156,0.026202087544152864,244,148,63,11
percent,barcode35,5pct,5.0,1335,1165,1165,1133.5201716738197,0.0896166281176145,0.008987309016992701,0.025358454652077603,241,142,52,11
percent,barcode36,0p5pct,0.5,113,1294,1128,96.51241134751773,0.08305242456216547,0.012760835786389913,0.02539308553878371,298,146,54,6
percent,barcode36,10pct,10.0,2280,1294,1294,1667.821483771252,0.09591266264511114,0.01011259489550276,0.026984476763398196,335,197,68,7
percent,barcode36,1pct,1.0,228,1294,1293,165.02088167053364,0.07159946868755547,0.010046723562792246,0.021302585893983254,266,139,50,9
percent,barcode36,20pct,20.0,4625,1294,1294,3367.724884080371,0.09867862239341664,0.00935517695280391,0.027437573716729082,331,183,75,7
percent,barcode36,2pct,2.0,455,1294,1294,330.9412673879444,0.08775722606766086,0.011640985475014742,0.026019304845582927,321,183,87,7
percent,barcode36,40pct,40.0,9326,1294,1294,6806.44513137558,0.09891239098104256,0.008489804837069348,0.02715947805956879,306,173,68,7
percent,barcode36,5pct,5.0,1144,1294,1294,838.258114374034,0.09073195410941813,0.010838950729161221,0.026138832223505125,300,188,82,8
percent,barcode37,0p5pct,0.5,209,1190,1092,190.60347985347985,0.044828586519761064,0.005916238615761054,0.0113060869533463,181,38,2,2
percent,barcode37,10pct,10.0,4087,1190,1175,3457.4765957446807,0.061680479181671875,0.005772998237241021,0.01473371323087074,153,74,7,2
percent,barcode37,1pct,1.0,393,1190,1168,334.4828767123288,0.044885457340412216,0.0052882740111435,0.010710890039369168,125,15,2,2
percent,barcode37,20pct,20.0,8255,1190,1175,6994.271489361702,0.06439590546330919,0.00553552045511081,0.015296109306338202,159,73,7,2
percent,barcode37,2pct,2.0,791,1190,1168,677.9828767123288,0.05175491527667009,0.005849238088323954,0.012423360393583405,111,32,7,3
percent,barcode37,40pct,40.0,16614,1190,1175,14081.754042553192,0.06492872178858035,0.005154519266877385,0.015317993485165528,152,66,7,2
percent,barcode37,5pct,5.0,2043,1190,1169,1738.9384088964928,0.059440420040849345,0.005964322943038035,0.01427383959578039,144,67,10,2
percent,barcode43,0p5pct,0.5,95,1184,1131,82.69407603890363,0.10027702983293198,0.015735280913643918,0.03370487676530274,487,246,113,9
percent,barcode43,10pct,10.0,2080,1184,1184,1736.9991554054054,0.1053223329772409,0.010733080915101261,0.03171799473317843,286,203,100,13
percent,barcode43,1pct,1.0,199,1184,1178,168.79202037351442,0.09070969384795696,0.0134437781207138,0.02961491372493855,355,203,91,15
percent,barcode43,20pct,20.0,4134,1184,1184,3437.3260135135133,0.10558995967146109,0.009639003491307656,0.03136138588666543,291,202,94,13
percent,barcode43,2pct,2.0,381,1184,1181,319.6731583403895,0.09086865572429835,0.012038226062053061,0.028727786935038333,289,176,89,15
percent,barcode43,40pct,40.0,8252,1184,1184,6874.7449324324325,0.10669225840949045,0.00886933995039696,0.031631677406348785,292,197,94,12
percent,barcode43,5pct,5.0,1016,1184,1184,853.2474662162163,0.09631622145235158,0.011084524527626243,0.029404545656952177,274,182,89,14
percent,barcode44,0p5pct,0.5,135,1130,1128,117.07358156028369,0.06234510854631812,0.009384208122127187,0.018476687488767535,218,126,29,5
percent,barcode44,10pct,10.0,2719,1130,1129,2383.357838795394,0.07304323465897275,0.0065802683245743425,0.01854905023174196,192,101,18,4
percent,barcode44,1pct,1.0,258,1130,1128,229.1959219858156,0.06307565302315746,0.008172307317766433,0.01753574510066352,208,108,19,4
percent,barcode44,20pct,20.0,5414,1130,1129,4759.173604960141,0.07217837052445197,0.005961003341777231,0.018029252631247498,179,97,14,4
percent,barcode44,2pct,2.0,537,1130,1129,472.6837909654562,0.0671011089300754,0.00766483868504436,0.017789267766470305,202,105,15,4
percent,barcode44,40pct,40.0,10925,1130,1129,9607.879539415411,0.07143382792362162,0.005442873831156876,0.017670011068342904,172,95,13,4
percent,barcode44,5pct,5.0,1321,1130,1129,1160.4083259521701,0.0670848565557601,0.0066607803634327395,0.01704969001647598,189,94,12,4
percent,barcode45,0p5pct,0.5,144,1159,1136,123.72271126760563,0.07537513770294237,0.010922630864662526,0.02343732885080374,247,142,41,13
percent,barcode45,10pct,10.0,2671,1159,1159,2221.3382226056947,0.09151886906613481,0.008481786454313092,0.026039265052208747,254,140,55,15
percent,barcode45,1pct,1.0,286,1159,1136,243.81514084507043,0.08104313474762437,0.010315489230850326,0.024300904241937538,273,137,43,14
percent,barcode45,20pct,20.0,5292,1159,1159,4388.029335634167,0.09249471156659263,0.007765887728398039,0.026202577986100803,256,142,53,15
percent,barcode45,2pct,2.0,540,1159,1148,453.80052264808364,0.08660634257235514,0.009866218893494184,0.025393966714247436,272,135,52,14
percent,barcode45,40pct,40.0,10514,1159,1159,8705.495254529767,0.09191002655354076,0.007106923519387127,0.025818651332904393,257,134,53,14
percent,barcode45,5pct,5.0,1335,1159,1159,1110.4547023295945,0.09023207673740284,0.008961006552670658,0.025715753408101102,256,139,53,13
percent,barcode46,0p5pct,0.5,95,1299,1129,78.68113374667848,0.08257079551542201,0.013231018448327506,0.026701747196496584,466,190,69,13
percent,barcode46,10pct,10.0,2035,1299,1298,1474.9869029275808,0.101505587961308,0.01110596321561146,0.030047364223423776,335,195,87,17
percent,barcode46,1pct,1.0,201,1299,1296,147.06404320987653,0.0887489105744926,0.01519877088583443,0.03011643118495069,355,201,96,19
percent,barcode46,20pct,20.0,4012,1299,1298,2902.913713405239,0.10737815849900183,0.01059346757060572,0.03147036177150845,344,207,88,17
percent,barcode46,2pct,2.0,397,1299,1298,285.6548536209553,0.09750588650179592,0.014868689718400883,0.03169481724306003,324,199,103,19
percent,barcode46,40pct,40.0,7953,1299,1298,5750.728813559322,0.10922627805530552,0.009827832111709152,0.031828603851656,334,205,93,16
percent,barcode46,5pct,5.0,1027,1299,1298,741.4345146379045,0.10330827628610352,0.012924028419723585,0.03162558757799732,340,213,95,17
percent,barcode48,0p5pct,0.5,190,1303,1128,167.90425531914894,0.06080351235984076,0.0082109680600439,0.017667359896072484,237,103,16,7
percent,barcode48,10pct,10.0,3520,1303,1303,2705.4098234842672,0.10416713042388683,0.014965634023933019,0.033708797515688976,271,180,85,28
percent,barcode48,1pct,1.0,379,1303,1287,297.28593628593626,0.07472464217781963,0.01901773296842806,0.029306093673144597,210,105,42,34
percent,barcode48,20pct,20.0,7072,1303,1303,5451.222563315426,0.10616071720867847,0.012843935200595468,0.03297493880657753,288,199,81,24
percent,barcode48,2pct,2.0,715,1303,1292,557.3630030959753,0.08432234411236939,0.017970258684940604,0.03042403218945944,230,123,55,44
percent,barcode48,40pct,40.0,14221,1303,1303,10981.397544128933,0.10909606860230521,0.011603990011761375,0.033582481775859825,301,177,82,27
percent,barcode48,5pct,5.0,1780,1303,1302,1372.6351766513058,0.10338098334114033,0.01773065993116561,0.035284052812135584,269,168,95,31
percent,barcode49,0p5pct,0.5,206,1222,1220,165.57295081967214,0.07436659537285778,0.01106597677625414,0.023178640888270877,332,132,47,14
percent,barcode49,10pct,10.0,4373,1222,1222,3523.9484451718495,0.08550428584842446,0.007847672182745286,0.023682242381846682,253,132,41,11
percent,barcode49,1pct,1.0,436,1222,1222,349.6734860883797,0.07601848236866754,0.009343480518195769,0.02213827846789019,243,115,41,11
percent,barcode49,20pct,20.0,8614,1222,1222,6934.540098199673,0.08756383195918663,0.007404655683051498,0.024073955269115425,255,128,41,11
percent,barcode49,2pct,2.0,873,1222,1222,701.620294599018,0.07935780251325267,0.008788509057186042,0.02254309026016204,232,117,43,13
percent,barcode49,40pct,40.0,17336,1222,1222,13960.893617021276,0.08764693901135753,0.006808054842696435,0.024042150182247524,247,127,42,11
percent,barcode49,5pct,5.0,2191,1222,1222,1765.5801963993454,0.08218717953498177,0.008049400352335727,0.02297412576337921,232,126,40,12
percent,barcode50,0p5pct,0.5,177,1159,1114,158.7423698384201,0.050829030658276105,0.007278520279853791,0.013808922118362672,224,59,10,3
percent,barcode50,10pct,10.0,3400,1159,1158,2896.639896373057,0.06452612999677472,0.005733273038663368,0.01569809252505101,175,84,7,2
percent,barcode50,1pct,1.0,334,1159,1158,286.76683937823833,0.058824896502186336,0.007888072517444725,0.015815974626373696,186,95,15,3
percent,barcode50,20pct,20.0,6886,1159,1158,5866.612262521589,0.06717899772823631,0.005474805182928329,0.01631198509240901,181,86,8,2
percent,barcode50,2pct,2.0,667,1159,1158,570.119170984456,0.06043409020930496,0.006896391708372169,0.015359799634709567,188,93,8,2
percent,barcode50,40pct,40.0,13721,1159,1158,11686.57944732297,0.06670897715721495,0.005039751927293223,0.01604041919519559,172,84,8,2
percent,barcode50,5pct,5.0,1726,1159,1158,1474.3246977547496,0.06117317482284258,0.005964681842532097,0.014897466003855466,177,83,6,2
percent,barcode53,0p5pct,0.5,57,1228,1225,43.00081632653061,0.1103555720001338,0.0206406553539242,0.04114993833860583,416,306,145,22
percent,barcode53,10pct,10.0,979,1228,1228,739.1685667752442,0.14327925821854107,0.01591952675584971,0.04668536155709787,414,286,160,21
percent,barcode53,1pct,1.0,114,1228,1228,85.49348534201954,0.10424971851107818,0.01636358079683601,0.03574834832003318,428,244,113,19
percent,barcode53,20pct,20.0,1946,1228,1228,1481.7581433224755,0.14432890997785713,0.014442628036048783,0.04635852226555482,421,271,151,21
percent,barcode53,2pct,2.0,199,1228,1228,151.057003257329,0.12356409182835498,0.017833849407476652,0.04207542626690154,428,260,149,21
percent,barcode53,40pct,40.0,3856,1228,1228,2929.904723127036,0.15082370190505912,0.013825429090385604,0.0484846693401196,430,272,162,23
percent,barcode53,5pct,5.0,519,1228,1228,395.70439739413683,0.1392879522806563,0.01709198169396997,0.04604427226606201,425,280,155,21
percent,barcode54,0p5pct,0.5,109,1160,1128,89.32624113475177,0.09384379739967384,0.014840208893120207,0.030532721811096283,474,238,112,5
percent,barcode54,10pct,10.0,2323,1160,1160,1866.4568965517242,0.09625251966680466,0.008898322868998606,0.026533962110446084,285,166,67,6
percent,barcode54,1pct,1.0,223,1160,1130,182.63362831858407,0.0884815142085117,0.011885068927025087,0.02636578139869806,362,193,68,6
percent,barcode54,20pct,20.0,4603,1160,1160,3715.830172413793,0.09435105569578933,0.008008623635581188,0.02572755117492275,270,168,64,6
percent,barcode54,2pct,2.0,436,1160,1137,357.5013192612137,0.09749037521937191,0.011665951440170689,0.02809392676045469,321,183,69,7
percent,barcode54,40pct,40.0,9174,1160,1160,7429.061206896552,0.09448160749481924,0.007409604052565673,0.02564701950825635,271,163,61,6
percent,barcode54,5pct,5.0,1159,1160,1152,935.6727430555555,0.09502891765579626,0.009726673028495607,0.02632853273233923,287,167,67,6
percent,barcode55,0p5pct,0.5,251,1201,1145,221.69781659388647,0.05510265167272706,0.007076818449017163,0.01652466581206504,133,59,24,14
percent,barcode55,10pct,10.0,4942,1201,1188,4124.180134680135,0.06900173249625069,0.006633105914145077,0.019325253118117686,136,68,29,17
percent,barcode55,1pct,1.0,502,1201,1159,434.6876617773943,0.06205385369358239,0.008333272559746415,0.01887699242627959,161,58,26,17
percent,barcode55,20pct,20.0,9825,1201,1188,8202.911616161617,0.06765278150578856,0.005720497640284502,0.01856357062005829,129,56,28,17
percent,barcode55,2pct,2.0,989,1201,1163,851.34135855546,0.06455356854632213,0.007461524289085195,0.01889694402746403,141,56,28,19
percent,barcode55,40pct,40.0,19424,1201,1188,16215.627946127946,0.06768791550076063,0.005128069484068617,0.018292008490934354,132,59,24,17
percent,barcode55,5pct,5.0,2494,1201,1188,2083.7441077441076,0.06876817746650271,0.007487837225417696,0.019798638812742245,147,70,28,20
percent,barcode57,0p5pct,0.5,87,1271,1128,75.96719858156028,0.12757015682158745,0.02052599699998824,0.044266974838730475,536,306,140,15
percent,barcode57,10pct,10.0,1709,1271,1271,1295.6797797010229,0.1514817737951361,0.017647914150587144,0.050322629807214796,442,327,165,31
percent,barcode57,1pct,1.0,179,1271,1208,145.03890728476821,0.11223184994747591,0.016590017493191573,0.03763868280451779,405,245,119,18
percent,barcode57,20pct,20.0,3462,1271,1271,2633.7678992918964,0.1486431952676076,0.015330092447116143,0.04822425618153181,439,317,164,29
percent,barcode57,2pct,2.0,358,1271,1211,287.26094137076797,0.13428512383772787,0.018430661536609695,0.044995038141638494,402,272,150,20
percent,barcode57,40pct,40.0,6853,1271,1271,5200.21872541306,0.14909128480084963,0.013777139288362711,0.04788162832952769,435,303,165,28
percent,barcode57,5pct,5.0,847,1271,1271,643.6624704956727,0.14408844525336906,0.0190242522996399,0.04838833299740038,438,300,162,27
percent,barcode58,0p5pct,0.5,136,1211,1128,116.12854609929079,0.07132937451218846,0.010484007928237912,0.021517865636248332,227,141,34,8
percent,barcode58,10pct,10.0,2645,1211,1210,2143.0768595041322,0.10179846676990621,0.01064603644955716,0.029286461798745073,320,178,69,9
percent,barcode58,1pct,1.0,264,1211,1210,214.42727272727274,0.07453668653192963,0.011489218646259394,0.023168455153596345,254,135,43,16
percent,barcode58,20pct,20.0,5167,1211,1210,4181.8570247933885,0.10142303401918994,0.009533056768600614,0.02860135933182358,311,173,65,7
percent,barcode58,2pct,2.0,519,1211,1210,419.78677685950413,0.0934242071791754,0.013764788782248613,0.02936269240648743,307,183,72,15
percent,barcode58,40pct,40.0,10237,1211,1210,8289.570247933885,0.09844983013574886,0.00830352252920442,0.027225281284056733,304,166,60,7
percent,barcode58,5pct,5.0,1364,1211,1210,1105.69173553719,0.0960367006710819,0.011411869942211205,0.028184546489750766,293,178,67,10
percent,barcode59,0p5pct,0.5,89,1128,1083,80.00554016620498,0.07760750107347315,0.012299660725386642,0.026468940629328506,402,161,46,23
percent,barcode59,10pct,10.0,1792,1128,1128,1554.7774822695035,0.10564543317332407,0.010264952109262664,0.03263654958176996,273,162,90,24
percent,barcode59,1pct,1.0,186,1128,1128,161.54521276595744,0.0764346148865622,0.01147645189743147,0.025571672228818336,270,123,38,26
percent,barcode59,20pct,20.0,3565,1128,1128,3096.0425531914893,0.10677097596610413,0.009454111161948687,0.03292782918892285,258,166,94,24
percent,barcode59,2pct,2.0,360,1128,1128,314.1498226950355,0.09867954662490636,0.012421443487527087,0.03187118131049183,263,163,91,25
percent,barcode59,40pct,40.0,7321,1128,1128,6354.959219858156,0.10599407302308787,0.008570982093926226,0.0324848545164826,249,163,90,24
percent,barcode59,5pct,5.0,944,1128,1128,818.3218085106383,0.10433966163190646,0.011134640947022724,0.03272313141462585,276,175,89,24
percent,barcode60,0p5pct,0.5,132,1129,1128,118.65957446808511,0.07572308392410164,0.011268739496804778,0.022020952602947404,260,153,48,2
percent,barcode60,10pct,10.0,2384,1129,1129,2110.754650132861,0.0824847085523812,0.0075798066494797735,0.021365159204361134,243,131,42,2
percent,barcode60,1pct,1.0,229,1129,1128,206.5700354609929,0.07402816325206497,0.009858579807702652,0.02043789406067228,242,128,35,2
percent,barcode60,20pct,20.0,4766,1129,1129,4229.293179805138,0.0829526640917281,0.006973695077659142,0.021301163932685815,226,131,42,2
percent,barcode60,2pct,2.0,437,1129,1128,392.5576241134752,0.08100435181669126,0.009562824881766848,0.021913176148786077,261,146,41,2
percent,barcode60,40pct,40.0,9530,1129,1129,8472.790079716564,0.08145704925557304,0.006308117223956686,0.0206749149277867,219,123,39,2
percent,barcode60,5pct,5.0,1143,1129,1129,1018.563330380868,0.0822315880933999,0.008330670085519892,0.021581234410595364,239,132,43,2
percent,barcode61,0p5pct,0.5,133,1278,1093,117.92406221408966,0.05783785843527554,0.008413812094850504,0.015694625333722893,181,76,8,2
percent,barcode61,10pct,10.0,2773,1278,1191,2300.665827036104,0.07393038074399533,0.008353010516728725,0.01974078802118424,208,110,24,5
percent,barcode61,1pct,1.0,267,1278,1121,234.78055307760928,0.06349756572328755,0.008298073948640185,0.016596548141171057,202,76,7,3
percent,barcode61,20pct,20.0,5467,1278,1209,4465.9478908188585,0.07854469642208063,0.009356194350066294,0.021814368617016366,225,121,32,8
percent,barcode61,2pct,2.0,559,1278,1162,473.63253012048193,0.06412043198743113,0.00779011543175034,0.01656164918271219,180,78,13,3
percent,barcode61,40pct,40.0,10883,1278,1210,8889.361157024794,0.08064282926989787,0.008151448717759755,0.021288585207919247,235,122,30,6
percent,barcode61,5pct,5.0,1384,1278,1181,1162.3268416596104,0.07414717058264955,0.008784961241264993,0.01983627123378955,220,112,25,5
percent,barcode62,0p5pct,0.5,164,1206,1206,132.82504145936983,0.08554577011483337,0.01342684843009105,0.028829562261868575,301,159,64,25
percent,barcode62,10pct,10.0,3132,1206,1206,2561.912935323383,0.09278959050865399,0.008593841319051955,0.027151342756298418,236,141,36,26
percent,barcode62,1pct,1.0,318,1206,1206,260.74543946932005,0.09052012692820595,0.012444708393592869,0.028712489671104704,276,153,65,25
percent,barcode62,20pct,20.0,6049,1206,1206,4933.364842454394,0.09610937155990439,0.008284675209266484,0.027998555636515366,243,152,43,26
percent,barcode62,2pct,2.0,639,1206,1206,526.0480928689884,0.09447349514671087,0.011328345190887138,0.02911993211308631,263,159,59,25
percent,barcode62,40pct,40.0,12093,1206,1206,9856.695688225538,0.09563431703280506,0.007604917429050132,0.027714586838008193,241,143,40,25
percent,barcode62,5pct,5.0,1577,1206,1206,1288.7296849087893,0.08969282312351035,0.009170656995742722,0.026656710817040997,249,139,39,26
percent,barcode63,0p5pct,0.5,262,1160,1133,227.31862312444838,0.0519833907523198,0.006848662751203347,0.014336135268638419,151,52,16,5
percent,barcode63,10pct,10.0,5140,1160,1158,4388.727115716753,0.06454816864081095,0.005504794263835622,0.016149601442355183,159,84,14,5
percent,barcode63,1pct,1.0,523,1160,1158,442.3609671848014,0.05470785565986111,0.00655073594286355,0.014458137012577673,135,48,15,5
percent,barcode63,20pct,20.0,10184,1160,1158,8680.363557858376,0.06377792966367607,0.0050351588468328734,0.015772601804413852,149,73,13,5
percent,barcode63,2pct,2.0,1019,1160,1158,869.3402417962003,0.06201034130771615,0.006636388192186644,0.01601869420817613,168,77,16,5
percent,barcode63,40pct,40.0,20186,1160,1159,17218.213114754097,0.06344635081982838,0.004633556051189563,0.015594535631687988,141,70,13,5
percent,barcode63,5pct,5.0,2586,1160,1158,2200.5051813471505,0.0642523303862301,0.006038467955487011,0.01625517594651504,160,88,13,5
percent,barcode66,0p5pct,0.5,179,1153,1128,159.53900709219857,0.09125064406846575,0.012438840254067293,0.028717644989171277,324,152,60,18
percent,barcode66,10pct,10.0,3501,1153,1153,2963.7328707718993,0.10085660428321983,0.008807570046557188,0.029689406850912363,263,171,66,20
percent,barcode66,1pct,1.0,379,1153,1147,326.16652136006974,0.09486742168819655,0.011551766985210175,0.029152607579961517,272,171,63,20
percent,barcode66,20pct,20.0,7001,1153,1153,5926.405030355594,0.10146646298390657,0.008151115537681523,0.02981738744653764,262,171,67,20
percent,barcode66,2pct,2.0,679,1153,1153,580.6782307025152,0.102163518535859,0.011315762861844936,0.031150589154172164,282,187,73,20
percent,barcode66,40pct,40.0,14095,1153,1153,11903.756287944492,0.10173156779355876,0.007571407012056235,0.029788033270610532,259,168,66,20
percent,barcode66,5pct,5.0,1745,1153,1153,1474.323503902862,0.10392501799897894,0.009968952327809396,0.031014483670890446,283,183,72,20
percent,barcode67,0p5pct,0.5,137,1129,1128,119.88209219858156,0.1099999908493791,0.015903547275126106,0.03964653708735306,341,202,100,41
percent,barcode67,10pct,10.0,2645,1129,1129,2265.848538529672,0.11273271418866228,0.01013075220781115,0.03731642638823333,226,149,83,40
percent,barcode67,1pct,1.0,268,1129,1128,234.76507092198582,0.10610973706747451,0.013455280192891482,0.037040509325344056,288,158,83,45
percent,barcode67,20pct,20.0,5210,1129,1129,4462.162976085031,0.11441146456414561,0.00945233383389277,0.03766723032016253,221,153,84,41
percent,barcode67,2pct,2.0,505,1129,1128,439.0248226950355,0.10947429461794893,0.01246230993093976,0.037388509473098804,260,160,89,44
percent,barcode67,40pct,40.0,10269,1129,1129,8793.34278122232,0.11492746950166055,0.008783529013663832,0.03778166070454515,222,153,85,41
percent,barcode67,5pct,5.0,1306,1129,1128,1122.235815602837,0.11074306754547422,0.0109484481850507,0.036908854848962495,226,145,81,41
percent,barcode68,0p5pct,0.5,163,1211,1210,126.47272727272727,0.08839987983061717,0.013055317813512234,0.028468904702547402,308,196,81,14
percent,barcode68,10pct,10.0,3173,1211,1210,2503.219008264463,0.0946339016570065,0.008772011235191635,0.02690944342093297,296,156,52,15
percent,barcode68,1pct,1.0,316,1211,1210,243.36859504132232,0.08317683746225699,0.010791448203813057,0.025354144429421067,285,157,62,15
percent,barcode68,20pct,20.0,6323,1211,1210,4979.70826446281,0.09497287439992072,0.008048219375316875,0.026711986691124498,288,151,51,15
percent,barcode68,2pct,2.0,646,1211,1210,506.25041322314047,0.09301972550162885,0.011043807603446166,0.02779597341709839,296,185,67,15
percent,barcode68,40pct,40.0,12811,1211,1210,10095.935537190082,0.09549740394375515,0.007462376138663911,0.026707575684959836,281,150,49,15
percent,barcode68,5pct,5.0,1583,1211,1210,1247.0685950413224,0.09426617310824627,0.009701320252051554,0.027169703783663447,303,159,60,15
percent,barcode70,0p5pct,0.5,99,1210,1210,79.62561983471075,0.09373596258151089,0.018227358854496455,0.034849354866511285,491,217,81,44
percent,barcode70,10pct,10.0,1942,1210,1210,1577.3677685950413,0.11906232947086012,0.012126981588613377,0.037261876886004054,349,210,91,30
percent,barcode70,1pct,1.0,172,1210,1210,137.86446280991734,0.09521671394226615,0.015202973737493632,0.03327474333062107,305,180,81,29
percent,barcode70,20pct,20.0,3861,1210,1210,3134.80826446281,0.1210785773154502,0.011242946577414824,0.037535574982484936,343,214,91,29
percent,barcode70,2pct,2.0,349,1210,1210,280.72314049586777,0.10143411413912434,0.013886266442645479,0.033529302699458405,307,187,88,29
percent,barcode70,40pct,40.0,7784,1210,1210,6302.2553719008265,0.12601044481784754,0.010655284366664044,0.03897569940291867,349,224,99,30
percent,barcode70,5pct,5.0,966,1210,1210,781.9413223140496,0.1206506765750529,0.013623274179791851,0.03848317504867986,352,235,95,30
percent,barcode71,0p5pct,0.5,164,1130,1129,143.81576616474757,0.07898348772497676,0.011123133123319407,0.024024278527285895,259,180,58,6
percent,barcode71,10pct,10.0,2709,1130,1129,2364.448184233835,0.080449267351509,0.00721137266300603,0.021600286747986377,213,131,32,6
percent,barcode71,1pct,1.0,322,1130,1129,281.00531443755534,0.08245111158290284,0.010199911603195784,0.024022991686498584,276,158,57,6
percent,barcode71,20pct,20.0,5371,1130,1129,4694.537643932684,0.0786211320855693,0.0064771346770093495,0.020841396445685004,208,124,30,5
percent,barcode71,2pct,2.0,583,1130,1129,508.5606731620903,0.08344457756848737,0.009341793172375127,0.023652213224189065,239,152,58,6
percent,barcode71,40pct,40.0,10589,1130,1129,9254.075287865367,0.07637707725007967,0.005821991555633329,0.020094153025574966,199,119,29,5
percent,barcode71,5pct,5.0,1402,1130,1129,1228.474756421612,0.07765637456296569,0.007592939797541326,0.021043992051228956,215,127,32,6
percent,barcode72,0p5pct,0.5,173,1199,1129,151.7617360496014,0.05873261033652889,0.008501222673409744,0.016387856022721952,235,93,20,2
percent,barcode72,10pct,10.0,3871,1199,1173,3338.843137254902,0.08104207085297893,0.00742346102794838,0.02149632054329121,235,125,39,4
percent,barcode72,1pct,1.0,358,1199,1143,313.9483814523185,0.07465133184637615,0.009146835388447173,0.02004614193283941,225,116,31,2
percent,barcode72,20pct,20.0,7816,1199,1198,6605.40734557596,0.07885593730697668,0.007150745987243239,0.020890647493694178,220,114,32,5
percent,barcode72,2pct,2.0,734,1199,1170,634.7982905982906,0.07356861316410636,0.008378782622296709,0.019613556980585818,216,108,28,2
percent,barcode72,40pct,40.0,15800,1199,1198,13368.156093489148,0.07860987069026922,0.006609101404223471,0.02057398613797095,222,107,31,4
percent,barcode72,5pct,5.0,1883,1199,1170,1632.825641025641,0.07904861384944067,0.007991414060075537,0.021046162997389192,234,124,36,4
percent,barcode73,0p5pct,0.5,21,1219,1126,16.174067495559502,0.1977927979700713,0.05006048663173652,0.08913118669303746,349,349,339,121
percent,barcode73,10pct,10.0,612,1219,1219,453.72436423297785,0.2106977978186676,0.026207500966083763,0.07565595087276389,527,403,250,73
percent,barcode73,1pct,1.0,48,1219,1128,38.27836879432624,0.1885876506039147,0.03623206987129398,0.07570751730387557,463,463,238,79
percent,barcode73,20pct,20.0,1223,1219,1219,912.9983593109106,0.21599368388104395,0.023846673418758412,0.07661913940671858,536,408,255,73
percent,barcode73,2pct,2.0,111,1219,1217,80.66639276910435,0.18278647170403883,0.03227200805139426,0.07060599099651652,591,384,247,75
percent,barcode73,40pct,40.0,2482,1219,1219,1847.18293683347,0.21702936831588593,0.021587499375957775,0.07641902723845986,535,411,246,73
percent,barcode73,5pct,5.0,318,1219,1219,232.68580803937652,0.202189011037015,0.02832888503253307,0.07339580447083277,512,399,262,73
percent,barcode75,0p5pct,0.5,66,1129,1085,56.10967741935484,0.11041515832525811,0.01900678909597653,0.03723350490593757,439,224,133,6
percent,barcode75,10pct,10.0,1129,1129,1129,955.7271922054916,0.135209232304521,0.014143448178538227,0.04250007503256193,371,247,129,14
percent,barcode75,1pct,1.0,118,1129,1125,98.104,0.1291941350955324,0.02165376033568081,0.044535636881162105,438,271,141,17
percent,barcode75,20pct,20.0,2220,1129,1129,1910.9964570416298,0.13539671953309648,0.01275799627708634,0.0418982387177175,357,248,126,12
percent,barcode75,2pct,2.0,242,1129,1129,206.39503985828168,0.12720993999363708,0.017736438040948686,0.04161883662902014,390,259,130,13
percent,barcode75,40pct,40.0,4447,1129,1129,3829.215234720992,0.13656638311374716,0.011757224699114357,0.04207070840362972,355,245,127,13
percent,barcode75,5pct,5.0,585,1129,1129,496.82196634189546,0.13483649347306517,0.01570808895948082,0.04311999064153764,381,260,134,13
percent,barcode76,0p5pct,0.5,222,1145,1143,190.43832020997377,0.08054410841937945,0.0107130865221432,0.024753662645462735,280,144,40,18
percent,barcode76,10pct,10.0,4945,1145,1144,4304.112762237763,0.08727422042918444,0.007312904038567121,0.02438837224096678,218,111,33,12
percent,barcode76,1pct,1.0,486,1145,1144,421.15646853146853,0.07911149434732599,0.009124995455437889,0.023273576689404947,234,122,33,11
percent,barcode76,20pct,20.0,9945,1145,1144,8644.285839160839,0.08605848054677824,0.006634540497014119,0.02395547768956164,212,110,32,11
percent,barcode76,2pct,2.0,1004,1145,1144,874.5332167832167,0.08098560964953348,0.008403431753646657,0.02321838009454742,216,110,32,11
percent,barcode76,40pct,40.0,20175,1145,1144,17534.702797202797,0.08663172782442612,0.0061979388546658,0.024078206338196618,212,109,34,12
percent,barcode76,5pct,5.0,2469,1145,1144,2150.2805944055945,0.08515907236945759,0.007798707052305085,0.02394781399052322,212,109,31,12
percent,barcode78,0p5pct,0.5,53,1130,1128,44.670212765957444,0.17563539557670477,0.03201520071920851,0.0686473878148016,480,471,208,79
percent,barcode78,10pct,10.0,971,1130,1129,784.4100974313552,0.20293195139653558,0.021124540667699056,0.07262132047170339,440,337,202,85
percent,barcode78,1pct,1.0,102,1130,1128,84.83865248226951,0.18633620808310689,0.029037994932627334,0.06914606291565888,626,379,202,71
percent,barcode78,20pct,20.0,1935,1130,1129,1579.3604960141718,0.20228929109927515,0.019045086302397606,0.07173592138733728,430,344,198,83
percent,barcode78,2pct,2.0,196,1130,1128,159.72429078014184,0.1985264562595651,0.027117640807152066,0.07282083343176962,499,360,204,82
percent,barcode78,40pct,40.0,3916,1130,1130,3174.4477876106193,0.20321842209880886,0.017479769486669218,0.07185048946011233,434,342,197,84
percent,barcode78,5pct,5.0,483,1130,1129,390.76173604960144,0.20212204780963233,0.023501782944085413,0.0735299904993236,461,347,209,89
percent,barcode81,0p5pct,0.5,168,1292,1290,124.33875968992248,0.10073571849670317,0.015737629308765533,0.03278348701190033,390,239,104,16
percent,barcode81,10pct,10.0,3592,1292,1292,2682.267027863777,0.09884594422372948,0.00925182410957307,0.02796220219338446,316,187,75,10
percent,barcode81,1pct,1.0,365,1292,1292,267.98993808049534,0.09544704583122603,0.012411243250842663,0.029197908134915896,328,197,94,12
percent,barcode81,20pct,20.0,7295,1292,1292,5453.505417956656,0.09992938219690842,0.0085657338624238,0.02799474875083115,319,177,76,10
percent,barcode81,2pct,2.0,705,1292,1292,523.0495356037152,0.09429416493125409,0.01091688143987805,0.027971955395079556,319,200,82,11
percent,barcode81,40pct,40.0,14528,1292,1292,10848.66640866873,0.09989079391563402,0.007889887288957158,0.027850031549559718,313,170,72,10
percent,barcode81,5pct,5.0,1787,1292,1292,1328.7453560371516,0.09932128997653204,0.010293434022258631,0.028535424502486827,334,190,79,10
percent,barcode82,0p5pct,0.5,133,1226,1225,106.35265306122449,0.10318055436225844,0.01602695867148216,0.03603124799032958,296,202,107,34
percent,barcode82,10pct,10.0,2790,1226,1225,2223.6326530612246,0.13123267947519152,0.012566177619514457,0.042133289632253254,367,243,125,35
percent,barcode82,1pct,1.0,266,1226,1225,211.35918367346937,0.11384901192681122,0.015049427692880792,0.038486737388887006,325,213,112,35
percent,barcode82,20pct,20.0,5581,1226,1226,4440.761827079935,0.1312659315553916,0.011457172973094428,0.04180771424581968,349,232,124,35
percent,barcode82,2pct,2.0,568,1226,1225,454.49061224489793,0.12622634995567833,0.015385108802064666,0.042168295575871276,346,244,140,34
percent,barcode82,40pct,40.0,11190,1226,1226,8893.281402936378,0.13032901101295674,0.010401062912570036,0.041217002492726966,340,227,120,34
percent,barcode82,5pct,5.0,1428,1226,1225,1142.795918367347,0.12952993892775042,0.01367512639089562,0.04201284785296436,355,243,130,35
percent,barcode83,0p5pct,0.5,57,1209,1203,44.438902743142144,0.14353930104232882,0.03243511758055734,0.05948985440936454,459,350,188,65
percent,barcode83,10pct,10.0,1351,1209,1209,1049.6947890818858,0.17373864813830506,0.018847185412731504,0.06000805014574689,452,312,181,55
percent,barcode83,1pct,1.0,135,1209,1209,105.14557485525228,0.15510702474408075,0.026893963826951608,0.05906004794444086,436,312,183,67
percent,barcode83,20pct,20.0,2682,1209,1209,2092.171215880893,0.17668925187210133,0.017383179920928065,0.06042585469391331,455,318,184,56
percent,barcode83,2pct,2.0,265,1209,1209,203.87344913151364,0.16575360433499528,0.02443761429072347,0.060792192775172865,448,309,191,62
percent,barcode83,40pct,40.0,5339,1209,1209,4158.400330851944,0.17911483873194464,0.016070769992458902,0.06100374187304389,456,313,181,58
percent,barcode83,5pct,5.0,684,1209,1209,531.7923904052936,0.16857641792132766,0.02061557819615465,0.058990640298611084,434,301,180,54
percent,barcode84,0p5pct,0.5,177,1194,1194,143.42881072026802,0.1028241310515721,0.01649296829216861,0.03512222595482177,352,203,95,25
percent,barcode84,10pct,10.0,3678,1194,1194,2961.6725293132326,0.10550111469425254,0.009618986674276832,0.031253901927030044,290,177,83,17
percent,barcode84,1pct,1.0,378,1194,1194,307.90201005025125,0.09909369619616076,0.013291928220477334,0.031721282195681495,293,189,83,20
percent,barcode84,20pct,20.0,7427,1194,1194,5978.439698492462,0.10555993384501715,0.008760796903579367,0.03099256502680172,292,176,79,16
percent,barcode84,2pct,2.0,762,1194,1194,616.6164154103852,0.10500295999312192,0.012081813772026977,0.03224557794745889,314,193,90,16
percent,barcode84,40pct,40.0,14954,1194,1194,12025.620603015075,0.10694670376393625,0.00818502267015695,0.031306061481065295,295,178,79,16
percent,barcode84,5pct,5.0,1839,1194,1194,1480.3408710217755,0.10524099409344495,0.01058000380628649,0.03147054846448551,311,179,84,15
percent,barcode85,0p5pct,0.5,85,1157,1128,72.26773049645391,0.07515064739781036,0.012202936378824877,0.024984732368718468,402,155,59,14
percent,barcode85,10pct,10.0,1879,1157,1157,1582.8063958513396,0.10951138151548145,0.010409648938512147,0.03251673335554734,319,196,77,14
percent,barcode85,1pct,1.0,191,1157,1135,163.984140969163,0.09482907812292425,0.01290990727813073,0.02983083560840013,367,176,72,14
percent,barcode85,20pct,20.0,3736,1157,1157,3145.8902333621436,0.10984289852928728,0.009565948035259711,0.03231270632328762,306,196,75,14
percent,barcode85,2pct,2.0,355,1157,1149,296.2584856396867,0.09947631121721646,0.012504746178748596,0.030504897933552676,317,180,69,15
percent,barcode85,40pct,40.0,7324,1157,1157,6168.1356957649095,0.11113751426782184,0.008916988721489164,0.03254755104580984,303,189,78,14
percent,barcode85,5pct,5.0,937,1157,1157,779.8409680207433,0.10937831418836311,0.011472582067123848,0.03287833940138959,325,191,82,14
percent,barcode86,0p5pct,0.5,153,1153,1130,135.79469026548674,0.10363748868054906,0.014825770451179297,0.03401571090579449,325,219,95,18
percent,barcode86,10pct,10.0,3015,1153,1153,2635.606244579358,0.08775366684172545,0.007908722294087293,0.025512259237870514,250,135,53,18
percent,barcode86,1pct,1.0,304,1153,1132,269.85335689045934,0.09088633561716958,0.011341115353034786,0.027994252683176523,303,151,62,18
percent,barcode86,20pct,20.0,6069,1153,1153,5292.909800520381,0.08936088056212613,0.007419837883542659,0.025799824868930354,244,135,51,18
percent,barcode86,2pct,2.0,575,1153,1136,508.6892605633803,0.08530167912664914,0.009563951471252973,0.025454093800746473,245,138,51,19
percent,barcode86,40pct,40.0,12072,1153,1153,10508.414570685169,0.08963763755529527,0.00687392229512163,0.025775613683237927,245,132,52,18
percent,barcode86,5pct,5.0,1491,1153,1153,1302.5828274067649,0.08640810548252685,0.008703289246537578,0.025398315003976414,233,133,55,18
percent,barcode87,0p5pct,0.5,210,1176,1138,178.7108963093146,0.08948227250675772,0.011980059154695116,0.027520922635121254,344,176,63,9
percent,barcode87,10pct,10.0,4189,1176,1175,3502.141276595745,0.09009891186324576,0.00808835741164598,0.025218234893436855,267,136,48,9
percent,barcode87,1pct,1.0,409,1176,1175,338.46382978723403,0.08849007940202003,0.011870499535513074,0.02728836607475199,273,153,62,14
percent,barcode87,20pct,20.0,8286,1176,1175,6932.988085106383,0.09095336033704114,0.0075829597288913945,0.025385249495707165,254,134,48,9
percent,barcode87,2pct,2.0,835,1176,1175,694.3055319148937,0.08635537655252333,0.009523203038414047,0.02499814790012668,253,142,51,11
percent,barcode87,40pct,40.0,16436,1176,1175,13755.375319148936,0.09208102170913204,0.007113017078784884,0.02563119713382977,262,136,51,9
percent,barcode87,5pct,5.0,2123,1176,1175,1778.3046808510637,0.08914811925735878,0.008775487210082164,0.02518100323229105,265,146,51,9
percent,barcode88,0p5pct,0.5,158,1129,1129,138.63596102745794,0.08718178111338186,0.01229970969846268,0.027870612555363303,278,164,64,22
percent,barcode88,10pct,10.0,3245,1129,1129,2795.364924712135,0.09515134517586377,0.008342854704589198,0.02765983966828261,236,145,61,14
percent,barcode88,1pct,1.0,323,1129,1129,276.85119574845,0.089653536873978,0.01106185130073354,0.02747765081495928,258,150,58,13
percent,barcode88,20pct,20.0,6328,1129,1129,5454.998228520815,0.09484964952317161,0.007671679738332223,0.02746506002065548,229,144,61,14
percent,barcode88,2pct,2.0,632,1129,1129,543.74047829938,0.08929198868854091,0.009852331307037209,0.02672122635477413,241,139,48,16
percent,barcode88,40pct,40.0,12715,1129,1129,10965.875996457042,0.09291832144486255,0.0069489516805134,0.026755362400557318,222,140,60,13
percent,barcode88,5pct,5.0,1596,1129,1129,1372.9406554472985,0.09638982329674393,0.009288379348761084,0.02820198449501237,240,153,65,13
percent,barcode89,0p5pct,0.5,62,1180,1175,47.15829787234043,0.11784367618008693,0.023326505269716198,0.04339685400253517,448,305,152,21
percent,barcode89,10pct,10.0,983,1180,1180,757.0330508474576,0.18065325391229256,0.02070946691261536,0.06175966097578604,462,350,192,51
percent,barcode89,1pct,1.0,122,1180,1180,92.90677966101696,0.13500387354484708,0.022874757928855547,0.04774110714775747,462,288,160,25
percent,barcode89,20pct,20.0,1981,1180,1180,1542.3576271186441,0.17648609737003224,0.018045687988545688,0.05903693119631599,461,339,181,45
percent,barcode89,2pct,2.0,200,1180,1180,155.1542372881356,0.16530792696307126,0.02520233651032064,0.05829460896386567,492,333,185,43
percent,barcode89,40pct,40.0,3906,1180,1180,3058.6372881355933,0.17744477061427696,0.016429020645416285,0.058976574390641745,453,337,177,45
percent,barcode89,5pct,5.0,484,1180,1180,374.771186440678,0.17821759578811708,0.023248559647883277,0.061979922649098476,465,342,203,51
percent,barcode90,0p5pct,0.5,33,1293,1129,26.931798051372898,0.19617932764190557,0.041631708701419405,0.082519764673087,423,423,246,106
percent,barcode90,10pct,10.0,656,1293,1293,466.92343387471,0.21571022267929646,0.029062048178016747,0.08018924946693005,527,419,273,107
percent,barcode90,1pct,1.0,66,1293,1282,47.38845553822153,0.2126888249385449,0.047827033251229015,0.0912575471801689,581,422,297,132
percent,barcode90,20pct,20.0,1262,1293,1293,896.8847641144625,0.21742202760279566,0.02560400288814837,0.07932004879234929,542,426,262,108
percent,barcode90,2pct,2.0,140,1293,1282,100.22464898595943,0.20286173824519635,0.04055851831371313,0.08307750693253693,486,395,260,115
percent,barcode90,40pct,40.0,2484,1293,1293,1763.6968290796597,0.2198109616027584,0.023253055917948694,0.07944098418184366,547,426,260,107
percent,barcode90,5pct,5.0,323,1293,1293,229.5599381283836,0.2168306900412256,0.03308323420018893,0.0832288960551431,530,406,279,117
percent,barcode91,0p5pct,0.5,35,1220,1128,28.745567375886523,0.1534675001595135,0.031559286390536186,0.06088738808985986,384,384,213,51
percent,barcode91,10pct,10.0,617,1220,1220,462.2311475409836,0.20961206349934758,0.0268435139957749,0.07572959114468643,521,401,262,72
percent,barcode91,1pct,1.0,63,1220,1129,50.66164747564216,0.18208948657263688,0.032647251667069055,0.07029270188193285,509,380,223,66
percent,barcode91,20pct,20.0,1221,1220,1220,913.9647540983607,0.20746031802717996,0.0237222080273743,0.07359158365670826,515,402,252,70
percent,barcode91,2pct,2.0,134,1220,1204,103.17524916943522,0.18508027932448032,0.03558007013266801,0.07377574586545821,479,359,226,84
percent,barcode91,40pct,40.0,2444,1220,1220,1834.27868852459,0.20720504479110627,0.021245578913053124,0.07258557494324609,526,398,240,67
percent,barcode91,5pct,5.0,309,1220,1220,231.91475409836065,0.20170532349747491,0.02964176187392574,0.07436126198177916,524,410,259,74
percent,barcode92,0p5pct,0.5,174,1160,1129,148.10717449069975,0.0828718127732563,0.011496480425215349,0.02454028222436288,314,181,67,3
percent,barcode92,10pct,10.0,3568,1160,1158,2992.8238341968913,0.08175677493610577,0.007196748387657736,0.02142083051016072,239,144,53,3
percent,barcode92,1pct,1.0,383,1160,1158,320.7910189982729,0.08245886285722726,0.009870199810628151,0.023142531525395037,276,151,67,2
percent,barcode92,20pct,20.0,7180,1160,1158,6053.779792746114,0.08308904572389975,0.006734688409572619,0.021650504591396127,237,144,54,3
percent,barcode92,2pct,2.0,721,1160,1158,607.0276338514681,0.08367658885519658,0.009033846325264792,0.02293059633802484,257,149,62,3
percent,barcode92,40pct,40.0,14459,1160,1160,12201.681034482759,0.08383419615588138,0.0062554606262578945,0.021848588505067094,238,145,55,3
percent,barcode92,5pct,5.0,1759,1160,1158,1477.0129533678758,0.08104630754816965,0.007809633646869974,0.021541117713198228,238,144,59,3
percent,barcode93,0p5pct,0.5,162,1187,1130,137.05398230088497,0.08326704530777498,0.012134022975114721,0.02750420386608359,265,140,67,18
percent,barcode93,10pct,10.0,3480,1187,1187,2765.9806234203875,0.10313628631801697,0.009639055616236406,0.03143951916468967,278,181,77,20
percent,barcode93,1pct,1.0,336,1187,1131,282.54376657824935,0.09382309142537806,0.01177136897782935,0.029606454555134283,287,155,62,18
percent,barcode93,20pct,20.0,6940,1187,1187,5513.558550968829,0.10694711859205432,0.009273258794890844,0.03237293089052476,293,195,83,20
percent,barcode93,2pct,2.0,686,1187,1149,569.2280243690166,0.09976377456534705,0.011109816407245768,0.03088417589837771,291,170,72,18
percent,barcode93,40pct,40.0,13785,1187,1187,10947.770850884583,0.10748678642297423,0.008501987753393553,0.03235383004580253,293,191,82,20
percent,barcode93,5pct,5.0,1782,1187,1187,1415.9536647009268,0.10547737761341286,0.011091196458722356,0.03263370982814521,285,185,90,18
percent,barcode94,0p5pct,0.5,132,1129,1128,110.88209219858156,0.079176147336704,0.011701111402622252,0.025180150448812718,284,175,87,8
percent,barcode94,10pct,10.0,2371,1129,1129,1988.837023914969,0.07684109559991487,0.007073839971634614,0.02094738941854388,190,124,41,7
percent,barcode94,1pct,1.0,252,1129,1129,214.59344552701506,0.07408201893012793,0.009574217088088957,0.02204792577375289,236,149,50,7
percent,barcode94,20pct,20.0,4715,1129,1129,3953.2276350752877,0.07824956727025813,0.0066035596940090865,0.02114021129228262,187,120,39,7
percent,barcode94,2pct,2.0,475,1129,1129,403.30115146147034,0.07450070680259939,0.00864478683464947,0.02122215139706603,213,129,39,7
percent,barcode94,40pct,40.0,9445,1129,1129,7921.03454384411,0.07929826383585299,0.006166108144485421,0.021335106222254516,192,124,38,7
percent,barcode94,5pct,5.0,1197,1129,1129,999.1328609388839,0.07177934717513959,0.007230426358131334,0.01969745571232258,183,117,38,7
percent,barcode95,0p5pct,0.5,115,1130,1128,94.72872340425532,0.10510499006157728,0.016085133097014516,0.035383116194162845,390,224,110,17
percent,barcode95,10pct,10.0,2970,1130,1129,2439.6102745792737,0.10444670671058373,0.009309737755447824,0.030701243054993867,259,165,81,14
percent,barcode95,1pct,1.0,269,1130,1129,219.40655447298494,0.0973464862092903,0.012537499244717072,0.030571855041298935,288,169,86,16
percent,barcode95,20pct,20.0,5881,1130,1129,4838.044286979628,0.10382310088183062,0.008503454150878578,0.030309144753821897,253,165,80,14
percent,barcode95,2pct,2.0,547,1130,1129,450.0859167404783,0.1036345790801405,0.011786826603699617,0.031869470653035505,294,181,89,16
percent,barcode95,40pct,40.0,11845,1130,1130,9750.111504424778,0.10290432729203798,0.007781550677653351,0.029960202198220515,254,163,74,13
percent,barcode95,5pct,5.0,1435,1130,1129,1183.8414526129318,0.10369742225024907,0.010189282301454881,0.03079932047061431,266,168,82,14
percent,barcode96,0p5pct,0.5,272,1206,1185,231.8945147679325,0.7070397262424112,0.09346799580943684,0.3378970992802289,879,856,834,813
percent,barcode96,10pct,10.0,5330,1206,1205,4433.745228215767,0.7276303354700107,0.06226573048853074,0.3407790437601178,912,869,850,811
percent,barcode96,1pct,1.0,541,1206,1194,452.2211055276382,0.7216520077518105,0.08672310009991756,0.34182550198314243,906,868,847,805
percent,barcode96,20pct,20.0,10475,1206,1205,8734.790041493776,0.7283002192543128,0.057564494955961006,0.34084032911167633,910,870,851,812
percent,barcode96,2pct,2.0,1091,1206,1201,908.7985012489592,0.7248534713955672,0.07701228770401199,0.3416779623031094,896,859,845,806
percent,barcode96,40pct,40.0,20968,1206,1205,17474.252282157675,0.7279013055325282,0.05319967872416874,0.3401591114379306,903,869,851,812
percent,barcode96,5pct,5.0,2663,1206,1201,2212.7094088259782,0.7305352357776318,0.06885825849428619,0.34225414706419993,908,870,851,812
